num,name,category,block,block2,will,rank,pros,NP,CSR,M,C,T,i,,,
1,复星医药,医药,沪市主板,主板,应规,AA+,稳定,"3,019.88 ",87.00 ,26.25 ,39.20 ,14.41 ,7.14 ,,,
2,中国平安,金融,沪市主板,主板,应规,AA,稳定,"120,452.00 ",85.52 ,26.25 ,39.02 ,12.43 ,7.81 ,,,
3,中国建筑,建筑业,沪市主板,主板,应规,AA,稳定,"38,240.00 ",84.17 ,25.55 ,35.86 ,14.01 ,8.75 ,,,
4,招商银行,金融,沪市主板,主板,应规,AA,稳定,"80,819.00 ",82.59 ,24.61 ,37.79 ,12.53 ,7.66 ,,,
5,农业银行,金融,沪市主板,主板,应规,AA,稳定,"202,631.00 ",82.56 ,24.84 ,37.09 ,13.13 ,7.50 ,,,
6,营口港,交通运输,沪市主板,主板,自愿,AA,积极,"1,001.00 ",82.16 ,14.53 ,16.35 ,8.09 ,43.19 ,,,
7,兴业银行,金融,沪市主板,主板,应规,AA,稳定,"60,620.00 ",81.09 ,26.72 ,35.51 ,11.05 ,7.81 ,,,
8,工商银行,金融,沪市主板,主板,应规,AA,稳定,"298,700.00 ",80.60 ,25.08 ,34.98 ,12.73 ,7.81 ,,,
9,中国中冶,建筑业,沪市主板,主板,应规,AA,稳定,未披露,80.08 ,24.61 ,36.91 ,12.43 ,6.13 ,,,
10,交通银行,金融,沪市主板,主板,应规,AA,稳定,"73,630.00 ",78.88 ,23.67 ,34.98 ,12.73 ,7.50 ,,,
11,京东方A,信息技术业,深市主板,主板,应规,AA,稳定,未披露,78.53 ,23.67 ,36.39 ,10.66 ,7.81 ,,,
12,招商蛇口,房地产业,深市主板,主板,应规,AA,稳定,"19,460.00 ",77.75 ,25.55 ,35.68 ,14.11 ,2.40 ,,,
13,东方航空,交通运输,沪市主板,主板,应规,AA,稳定,未披露,77.63 ,23.67 ,33.22 ,14.01 ,6.72 ,,,
14,浦发银行,金融,沪市主板,主板,应规,AA,积极,未披露,77.62 ,23.67 ,35.51 ,11.25 ,7.19 ,,,
15,万科A,房地产业,深市主板,主板,应规,AA,稳定,未披露,76.54 ,25.55 ,33.75 ,12.34 ,4.90 ,,,
16,中国神华,采掘业,沪市主板,主板,应规,AA-,稳定,438.67 ,74.49 ,22.03 ,34.28 ,14.01 ,4.17 ,,,
17,中国人保,金融,沪市主板,主板,自愿,AA-,稳定,"19,499.00 ",74.27 ,22.73 ,34.80 ,10.95 ,5.78 ,,,
18,东方证券,金融,沪市主板,主板,应规,AA-,积极,未披露,73.93 ,22.97 ,33.40 ,10.07 ,7.50 ,,,
19,中国中铁,建筑业,沪市主板,主板,应规,AA-,稳定,"17,200.00 ",73.44 ,23.20 ,32.34 ,12.14 ,5.75 ,,,
20,建设银行,金融,沪市主板,主板,应规,AA-,积极,"255,666.00 ",73.39 ,22.03 ,34.10 ,11.94 ,5.31 ,,,
21,上港集团,交通运输,沪市主板,主板,应规,AA-,稳定,"10,276.00 ",73.25 ,22.27 ,32.52 ,13.62 ,4.84 ,,,
22,中国联通,信息技术业,沪市主板,主板,应规,AA-,积极,未披露,73.00 ,21.56 ,33.57 ,10.36 ,7.50 ,,,
23,环旭电子,电子业,沪市主板,主板,应规,AA-,稳定,"1,179.97 ",72.93 ,21.56 ,35.86 ,11.55 ,3.96 ,,,
24,中远海控,交通运输,沪市主板,主板,应规,AA-,积极,"3,026.00 ",72.75 ,21.56 ,33.22 ,13.13 ,4.84 ,,,
25,中兴通讯,电子业,深市主板,主板,应规,AA-,稳定,"-6,983.70 ",72.74 ,21.80 ,33.57 ,13.62 ,3.75 ,,,
26,白云山,医药,沪市主板,主板,应规,AA-,稳定,"3,400.00 ",72.64 ,21.80 ,30.76 ,13.03 ,7.05 ,,,
27,中国太保,金融,沪市主板,主板,应规,AA-,稳定,"18,019.00 ",72.07 ,22.73 ,33.93 ,9.47 ,5.94 ,,,
28,华夏银行,金融,沪市主板,主板,应规,A+,消极,"20,990.00 ",71.86 ,22.50 ,31.99 ,11.74 ,5.63 ,,,
29,中国交建,建筑业,沪市主板,主板,应规,A+,消极,未披露,71.37 ,22.73 ,30.41 ,11.35 ,6.88 ,,,
30,烽火通信,信息技术业,沪市主板,主板,应规,A+,稳定,未披露,71.12 ,22.03 ,32.34 ,9.87 ,6.88 ,,,
31,太钢不锈,金属,深市主板,主板,自愿,A+,稳定,"4,977.00 ",71.03 ,21.80 ,32.52 ,10.46 ,6.25 ,,,
32,广州发展,电力,沪市主板,主板,应规,A+,消极,701.01 ,70.95 ,21.56 ,31.46 ,12.93 ,5.00 ,,,
33,南方航空,交通运输,沪市主板,主板,应规,A+,稳定,未披露,70.73 ,20.86 ,31.11 ,12.04 ,6.72 ,,,
34,云南白药,医药,深市主板,主板,应规,A+,消极,"3,307.00 ",70.37 ,22.73 ,31.29 ,12.24 ,4.11 ,,,
35,中国国航,交通运输,沪市主板,主板,应规,A+,消极,"7,336.00 ",70.32 ,21.33 ,29.53 ,13.52 ,5.94 ,,,
36,伊利股份,食品,沪市主板,主板,自愿,A+,稳定,"6,452.00 ",70.19 ,21.80 ,32.52 ,11.94 ,3.93 ,,,
37,兖州煤业,采掘业,沪市主板,主板,应规,A,稳定,"7,909.00 ",69.54 ,22.03 ,33.75 ,11.05 ,2.71 ,,,
38,康弘药业,医药,深市中小板,中小板,自愿,A,稳定,695.00 ,69.20 ,21.33 ,31.46 ,11.05 ,5.36 ,,,
39,TCL集团,电子业,深市主板,主板,应规,A,稳定,"4,070.00 ",68.88 ,22.97 ,29.88 ,11.45 ,4.58 ,,,
40,海通证券,金融,沪市主板,主板,应规,A,稳定,"5,211.00 ",68.69 ,20.16 ,32.70 ,9.28 ,6.56 ,,,
41,工业富联,电子业,沪市主板,主板,自愿,A,稳定,"16,908.00 ",68.22 ,21.56 ,32.52 ,11.84 ,2.29 ,,,
42,中国石油,采掘业,沪市主板,主板,应规,A,稳定,未披露,68.19 ,22.97 ,29.53 ,11.94 ,3.75 ,,,
43,中集集团,金属,深市主板,主板,自愿,A,稳定,未披露,68.15 ,22.27 ,30.59 ,11.64 ,3.65 ,,,
44,健康元,医药,沪市主板,主板,自愿,A,稳定,699.00 ,68.14 ,20.63 ,31.82 ,11.05 ,4.64 ,,,
45,平安银行,金融,深市主板,主板,应规,A,稳定,"24,818.00 ",67.84 ,20.63 ,31.64 ,10.26 ,5.31 ,,,
46,青岛银行,金融,深市中小板,中小板,自愿,A,稳定,"2,043.00 ",67.44 ,19.69 ,31.46 ,10.66 ,5.63 ,,,
47,柳钢股份,金属,沪市主板,主板,自愿,A,稳定,"4,610.00 ",67.35 ,20.39 ,27.25 ,11.35 ,8.37 ,,,
48,中国铁建,建筑业,沪市主板,主板,应规,A,消极,"19,838.40 ",67.27 ,21.09 ,30.59 ,9.97 ,5.63 ,,,
49,中煤能源,采掘业,沪市主板,主板,应规,A,稳定,未披露,67.16 ,23.44 ,29.00 ,10.76 ,3.96 ,,,
50,苏宁易购,批发,深市中小板,中小板,应规,A,稳定,"13,328.00 ",67.15 ,23.20 ,26.02 ,12.93 ,5.00 ,,,
51,深圳燃气,电力,沪市主板,主板,应规,A,稳定,"1,030.93 ",67.14 ,20.39 ,29.36 ,11.35 ,6.04 ,,,
52,上海石化,石油,沪市主板,主板,应规,A,稳定,未披露,67.10 ,20.16 ,30.59 ,12.04 ,4.32 ,,,
53,青岛港,交通运输,沪市主板,主板,自愿,A,稳定,"3,593.00 ",66.85 ,21.09 ,30.76 ,10.46 ,4.53 ,,,
54,中国石化,采掘业,沪市主板,主板,应规,A,稳定,"63,090.00 ",66.81 ,20.39 ,30.94 ,11.94 ,3.54 ,,,
55,浦东建设,建筑业,沪市主板,主板,应规,A,消极,452.89 ,66.79 ,22.73 ,29.53 ,11.15 ,3.38 ,,,
56,光大银行,金融,沪市主板,主板,应规,A,消极,"33,721.00 ",66.69 ,22.03 ,27.95 ,12.34 ,4.38 ,,,
57,紫金矿业,采掘业,沪市主板,主板,应规,A,稳定,未披露,66.61 ,20.86 ,31.29 ,11.55 ,2.92 ,,,
58,中国人寿,金融,沪市主板,主板,应规,A,稳定,"11,390.00 ",66.58 ,21.56 ,30.59 ,9.28 ,5.16 ,,,
59,广汽集团,机械,沪市主板,主板,应规,A,稳定,"10,903.00 ",66.26 ,20.63 ,31.46 ,11.25 ,2.92 ,,,
60,郑州银行,金融,深市中小板,中小板,自愿,A,稳定,"3,101.00 ",66.15 ,18.75 ,31.64 ,10.76 ,5.00 ,,,
61,中远海能,交通运输,沪市主板,主板,应规,A,稳定,105.00 ,66.09 ,20.63 ,28.83 ,10.86 ,5.78 ,,,
62,现代制药,医药,沪市主板,主板,自愿,A,稳定,"1,069.98 ",66.04 ,20.86 ,30.94 ,10.76 ,3.48 ,,,
63,珠江实业,房地产业,沪市主板,主板,应规,A,消极,245.00 ,65.91 ,21.09 ,30.76 ,11.84 ,2.21 ,,,
64,光大证券,金融,沪市主板,主板,应规,A,积极,未披露,65.55 ,22.03 ,30.94 ,7.89 ,4.69 ,,,
65,浙江医药,医药,沪市主板,主板,自愿,A,稳定,364.55 ,65.26 ,19.45 ,31.99 ,10.07 ,3.75 ,,,
66,上汽集团,机械,沪市主板,主板,应规,A,稳定,"36,009.21 ",65.18 ,21.56 ,29.00 ,10.66 ,3.96 ,,,
67,中信银行,金融,沪市主板,主板,应规,A,消极,未披露,65.16 ,22.03 ,24.79 ,13.03 ,5.31 ,,,
68,海立股份,机械,沪市主板,主板,应规,A,稳定,311.00 ,65.11 ,21.56 ,30.41 ,9.18 ,3.96 ,,,
69,蓝思科技,信息技术业,深市创业板,创业板,应规,A,稳定,637.00 ,65.11 ,19.69 ,30.06 ,8.49 ,6.88 ,,,
70,深天马A,电子业,深市主板,主板,应规,A,稳定,925.54 ,65.03 ,19.92 ,28.83 ,12.53 ,3.75 ,,,
71,中国银行,金融,沪市主板,主板,应规,A,稳定,"192,435.00 ",64.79 ,21.09 ,26.54 ,11.84 ,5.31 ,,,
72,潍柴动力,机械,深市主板,主板,应规,A,稳定,"8,657.53 ",64.68 ,19.45 ,31.11 ,10.36 ,3.75 ,,,
73,兴业证券,金融,沪市主板,主板,自愿,A,积极,"1,044.00 ",64.64 ,19.69 ,30.76 ,8.88 ,5.31 ,,,
74,泰豪科技,机械,沪市主板,主板,自愿,A,稳定,未披露,64.63 ,20.39 ,30.06 ,11.05 ,3.13 ,,,
75,奇正藏药,医药,深市中小板,中小板,自愿,A,稳定,319.00 ,64.62 ,19.45 ,30.41 ,11.55 ,3.21 ,,,
76,恒生电子,信息技术业,沪市主板,主板,自愿,A,稳定,未披露,64.60 ,20.16 ,28.13 ,10.07 ,6.25 ,,,
77,华润三九,医药,深市主板,主板,自愿,A,积极,"1,432.08 ",64.52 ,20.86 ,29.36 ,11.45 ,2.86 ,,,
78,五粮液,食品,深市主板,主板,应规,A,积极,未披露,64.38 ,20.86 ,30.59 ,11.15 ,1.79 ,,,
79,陆家嘴,房地产业,沪市主板,主板,应规,A,稳定,未披露,64.32 ,20.16 ,31.29 ,10.95 ,1.92 ,,,
80,比亚迪,机械,深市中小板,中小板,应规,A,稳定,未披露,64.20 ,19.92 ,28.65 ,11.25 ,4.38 ,,,
81,中远海发,交通运输,沪市主板,主板,应规,A,积极,未披露,64.16 ,21.80 ,26.89 ,11.25 ,4.22 ,,,
82,上海电力,电力,沪市主板,主板,应规,A,稳定,未披露,64.04 ,21.80 ,23.91 ,11.25 ,7.08 ,,,
83,华泰证券,金融,沪市主板,主板,应规,A,积极,"5,033.00 ",63.96 ,18.52 ,30.94 ,8.88 ,5.63 ,,,
84,赣锋锂业,金属,深市中小板,中小板,应规,A,积极,未披露,63.96 ,19.92 ,28.65 ,11.25 ,4.13 ,,,
85,金风科技,机械,深市中小板,中小板,应规,A,稳定,"3,217.00 ",63.84 ,21.56 ,26.02 ,12.93 ,3.33 ,,,
86,上海电气,机械,沪市主板,主板,应规,A,稳定,"3,016.53 ",63.83 ,20.39 ,30.06 ,10.46 ,2.92 ,,,
87,中船防务,机械,沪市主板,主板,应规,A,稳定,"-1,869.00 ",63.77 ,20.16 ,30.06 ,11.05 ,2.50 ,,,
88,新华保险,金融,沪市主板,主板,应规,A,积极,"7,922.00 ",63.49 ,19.92 ,29.53 ,8.88 ,5.16 ,,,
89,招商证券,金融,沪市主板,主板,应规,A,稳定,未披露,63.35 ,17.81 ,28.83 ,10.46 ,6.25 ,,,
90,中国银河,金融,沪市主板,主板,应规,A,消极,未披露,63.09 ,17.11 ,27.07 ,13.91 ,5.00 ,,,
91,温氏股份,农,深市创业板,创业板,应规,A,稳定,未披露,63.09 ,18.75 ,27.60 ,11.74 ,5.00 ,,,
92,牧原股份,农,深市中小板,中小板,应规,A,稳定,528.08 ,63.04 ,18.05 ,29.36 ,10.95 ,4.69 ,,,
93,中国电影,传播与文化业,沪市主板,主板,应规,A-,积极,"1,495.00 ",62.80 ,18.98 ,26.54 ,9.77 ,7.50 ,,,
94,利民股份,石油,深市中小板,中小板,自愿,A-,稳定,206.00 ,62.80 ,20.16 ,27.60 ,9.47 ,5.57 ,,,
95,顺丰控股,交通运输,深市中小板,中小板,应规,A-,积极,"4,556.00 ",62.57 ,20.63 ,27.77 ,10.26 ,3.91 ,,,
96,招商港口,交通运输,深市主板,主板,自愿,A-,稳定,"1,090.00 ",62.48 ,20.16 ,27.42 ,9.28 ,5.63 ,,,
97,九州通,批发,沪市主板,主板,自愿,A-,稳定,"1,381.00 ",62.38 ,22.27 ,25.31 ,11.05 ,3.75 ,,,
98,宝钢股份,金属,沪市主板,主板,应规,A-,稳定,"14,271.00 ",62.38 ,18.52 ,29.00 ,9.47 ,5.38 ,,,
99,上海医药,批发,沪市主板,主板,应规,A-,稳定,"3,881.00 ",62.25 ,19.92 ,28.30 ,10.46 ,3.57 ,,,
100,中国化学,建筑业,沪市主板,主板,应规,A-,稳定,"1,932.00 ",62.22 ,20.86 ,27.42 ,10.56 ,3.38 ,,,
101,北化股份,石油,深市中小板,中小板,自愿,A-,积极,123.68 ,62.17 ,19.69 ,29.88 ,9.87 ,2.73 ,,,
102,宁沪高速,交通运输,沪市主板,主板,应规,A-,积极,未披露,62.16 ,20.63 ,27.77 ,10.95 ,2.81 ,,,
103,中国核电,电力,沪市主板,主板,应规,A-,稳定,未披露,62.10 ,19.92 ,26.37 ,11.64 ,4.17 ,,,
104,首创股份,电力,沪市主板,主板,应规,A-,积极,719.00 ,62.07 ,18.98 ,27.25 ,11.05 ,4.79 ,,,
105,北方华创,机械,深市中小板,中小板,自愿,A-,稳定,234.00 ,62.00 ,20.86 ,26.72 ,10.46 ,3.96 ,,,
106,华润双鹤,医药,沪市主板,主板,应规,A-,消极,969.00 ,61.70 ,22.03 ,26.89 ,9.47 ,3.30 ,,,
107,华大基因,社会服务业,深市创业板,创业板,应规,A-,稳定,未披露,61.50 ,20.63 ,25.66 ,11.15 ,4.06 ,,,
108,外高桥,批发,沪市主板,主板,自愿,A-,稳定,830.00 ,61.40 ,20.16 ,26.89 ,10.95 ,3.39 ,,,
109,国电南瑞,信息技术业,沪市主板,主板,应规,A-,积极,"4,162.00 ",61.39 ,20.63 ,25.66 ,9.47 ,5.63 ,,,
110,中海油服,采掘业,沪市主板,主板,应规,A-,积极,未披露,61.29 ,21.56 ,28.13 ,10.56 ,1.04 ,,,
111,格林美,其他制造业,深市中小板,中小板,应规,A-,稳定,730.31 ,61.26 ,15.47 ,30.66 ,15.13 ,-,,,
112,三元股份,食品,沪市主板,主板,自愿,A-,积极,未披露,61.18 ,20.16 ,28.48 ,10.76 ,1.79 ,,,
113,海航控股,交通运输,沪市主板,主板,自愿,A-,稳定,"-3,648.00 ",61.17 ,18.05 ,26.89 ,11.55 ,4.69 ,,,
114,东风汽车,机械,沪市主板,主板,应规,BBB+,消极,未披露,60.57 ,20.39 ,26.19 ,8.78 ,5.21 ,,,
115,广汇能源,综合类,沪市主板,主板,应规,BBB+,消极,"1,743.81 ",60.55 ,20.63 ,25.59 ,14.34 ,-,,,
116,隆基股份,金属,沪市主板,主板,自愿,BBB+,积极,"2,558.00 ",60.51 ,19.22 ,25.66 ,13.22 ,2.40 ,,,
117,本钢板材,机械,深市主板,主板,自愿,BBB+,稳定,"1,036.49 ",60.30 ,20.16 ,28.65 ,8.78 ,2.71 ,,,
118,国金证券,金融,沪市主板,主板,应规,BBB+,积极,"1,023.00 ",60.23 ,15.47 ,30.06 ,9.08 ,5.63 ,,,
119,民生银行,金融,沪市主板,主板,应规,BBB+,稳定,"50,327.00 ",60.17 ,18.28 ,25.84 ,10.26 ,5.78 ,,,
120,浦东金桥,房地产业,沪市主板,主板,自愿,BBB+,消极,977.00 ,60.07 ,21.09 ,27.07 ,10.66 ,1.25 ,,,
121,明阳智能,机械,沪市主板,主板,自愿,BBB+,稳定,425.97 ,60.02 ,19.69 ,25.49 ,12.14 ,2.71 ,,,
122,文山电力,电力,沪市主板,主板,应规,BBB+,稳定,未披露,59.89 ,18.98 ,25.14 ,10.56 ,5.21 ,,,
123,中国铝业,金属,沪市主板,主板,应规,BBB+,稳定,未披露,59.86 ,18.75 ,24.96 ,11.25 ,4.90 ,,,
124,鞍钢股份,金属,深市主板,主板,自愿,BBB+,稳定,未披露,59.86 ,15.70 ,31.82 ,8.78 ,3.56 ,,,
125,兴蓉环境,电力,深市主板,主板,自愿,BBB+,稳定,988.00 ,59.81 ,17.34 ,27.95 ,10.56 ,3.96 ,,,
126,金隅集团,金属,沪市主板,主板,应规,BBB+,稳定,"3,260.00 ",59.63 ,18.75 ,28.13 ,9.97 ,2.79 ,,,
127,云南能投,食品,深市中小板,中小板,自愿,BBB+,稳定,115.91 ,59.59 ,20.16 ,27.25 ,10.76 ,1.43 ,,,
128,天津港,交通运输,沪市主板,主板,应规,BBB+,稳定,600.00 ,59.58 ,19.69 ,25.14 ,10.07 ,4.69 ,,,
129,国机汽车,批发,沪市主板,主板,应规,BBB+,稳定,595.00 ,59.43 ,21.80 ,22.68 ,11.74 ,3.21 ,,,
130,华友钴业,金属,沪市主板,主板,自愿,BBB,消极,未披露,58.97 ,18.52 ,27.77 ,10.86 ,1.83 ,,,
131,云天化,石油,沪市主板,主板,自愿,BBB,稳定,未披露,58.96 ,18.75 ,26.37 ,9.87 ,3.98 ,,,
132,秦港股份,交通运输,沪市主板,主板,自愿,BBB,稳定,未披露,58.79 ,18.75 ,25.49 ,10.95 ,3.59 ,,,
133,东阿阿胶,医药,深市主板,主板,应规,BBB,消极,"2,085.00 ",58.78 ,17.81 ,28.30 ,10.16 ,2.50 ,,,
134,药明康德,社会服务业,沪市主板,主板,自愿,BBB,稳定,未披露,58.76 ,19.45 ,25.84 ,10.66 ,2.81 ,,,
135,中化国际,石油,沪市主板,主板,应规,BBB,积极,910.00 ,58.71 ,19.22 ,24.79 ,10.95 ,3.75 ,,,
136,荣盛发展,房地产业,深市中小板,中小板,应规,BBB,消极,"7,560.00 ",58.70 ,18.52 ,26.54 ,10.86 ,2.79 ,,,
137,美的集团,机械,深市主板,主板,应规,BBB,稳定,"20,231.00 ",58.59 ,19.69 ,26.54 ,10.07 ,2.29 ,,,
138,龙蟒佰利,石油,深市中小板,中小板,自愿,BBB,稳定,"2,286.00 ",58.53 ,20.39 ,27.25 ,9.08 ,1.82 ,,,
139,科顺股份,机械,深市创业板,创业板,自愿,BBB,稳定,185.00 ,58.39 ,18.52 ,26.54 ,9.38 ,3.96 ,,,
140,迪马股份,房地产业,沪市主板,主板,自愿,BBB,稳定,"1,016.65 ",58.34 ,20.16 ,26.02 ,9.67 ,2.50 ,,,
141,长江电力,电力,沪市主板,主板,应规,BBB,稳定,未披露,58.33 ,18.28 ,25.14 ,10.95 ,3.96 ,,,
142,中国外运,交通运输,沪市主板,主板,应规,BBB,稳定,"3,199.00 ",58.27 ,20.63 ,25.31 ,8.59 ,3.75 ,,,
143,山推股份,机械,深市主板,主板,自愿,BBB,稳定,未披露,58.22 ,21.33 ,25.31 ,9.08 ,2.50 ,,,
144,陕西煤业,采掘业,沪市主板,主板,自愿,BBB,稳定,"11,000.00 ",58.11 ,19.69 ,23.73 ,11.15 ,3.54 ,,,
145,张江高科,综合类,沪市主板,主板,应规,BBB,稳定,544.29 ,58.04 ,18.52 ,26.37 ,13.16 ,-,,,
146,神马股份,石油,沪市主板,主板,自愿,BBB,稳定,未披露,57.93 ,17.81 ,26.02 ,11.15 ,2.95 ,,,
147,宁波银行,金融,深市中小板,中小板,应规,BBB,稳定,"11,186.00 ",57.80 ,20.16 ,23.03 ,7.89 ,6.72 ,,,
148,巨化股份,石油,沪市主板,主板,自愿,BBB,稳定,"2,152.56 ",57.77 ,19.92 ,25.31 ,10.26 ,2.27 ,,,
149,广发证券,金融,深市主板,主板,应规,BBB,稳定,"4,300.00 ",57.57 ,17.81 ,25.31 ,10.07 ,4.38 ,,,
150,中国重工,机械,沪市主板,主板,应规,BBB,稳定,673.00 ,57.44 ,20.63 ,23.38 ,11.35 ,2.08 ,,,
151,深粮控股,批发,深市主板,主板,自愿,BBB,稳定,未披露,57.28 ,18.75 ,25.31 ,10.36 ,2.86 ,,,
152,佛燃股份,电力,深市中小板,中小板,自愿,BBB,稳定,未披露,57.25 ,18.75 ,26.02 ,9.57 ,2.92 ,,,
153,财通证券,金融,沪市主板,主板,自愿,BBB,稳定,362.06 ,57.20 ,15.47 ,26.02 ,8.68 ,7.03 ,,,
154,瀚蓝环境,电力,沪市主板,主板,应规,BBB,稳定,819.00 ,57.16 ,16.88 ,24.08 ,10.16 ,6.04 ,,,
155,迈克生物,医药,深市创业板,创业板,自愿,BBB,稳定,875.51 ,57.13 ,18.05 ,27.25 ,9.87 ,1.96 ,,,
156,柳工,机械,深市主板,主板,自愿,BBB,稳定,482.92 ,56.93 ,20.16 ,25.14 ,9.97 ,1.67 ,,,
157,北辰实业,房地产业,沪市主板,主板,应规,BBB,稳定,未披露,56.92 ,16.17 ,27.60 ,10.46 ,2.69 ,,,
158,青岛啤酒,食品,沪市主板,主板,应规,BBB,稳定,"1,993.14 ",56.85 ,18.75 ,24.96 ,10.46 ,2.68 ,,,
159,山东黄金,金属,沪市主板,主板,应规,BBB,稳定,"1,422.00 ",56.85 ,17.81 ,23.55 ,11.25 ,4.23 ,,,
160,云南铜业,金属,深市主板,主板,自愿,BBB,消极,未披露,56.77 ,17.34 ,27.77 ,8.39 ,3.27 ,,,
161,粤电力A,电力,深市主板,主板,自愿,BBB,稳定,401.75 ,56.66 ,18.98 ,24.26 ,9.67 ,3.75 ,,,
162,远望谷,电子业,深市中小板,中小板,自愿,BBB,稳定,474.00 ,56.53 ,19.22 ,27.60 ,8.88 ,0.83 ,,,
163,东方明珠,信息技术业,沪市主板,主板,自愿,BBB,积极,-179.03 ,56.33 ,17.11 ,26.72 ,7.50 ,5.00 ,,,
164,大唐发电,电力,沪市主板,主板,应规,BBB,稳定,"2,015.00 ",56.32 ,17.58 ,25.31 ,11.35 ,2.08 ,,,
165,美年健康,社会服务业,深市中小板,中小板,应规,BBB,积极,"2,790.00 ",56.19 ,20.39 ,21.45 ,11.55 ,2.81 ,,,
166,海螺水泥,金属,沪市主板,主板,应规,BBB,稳定,820.65 ,56.14 ,11.48 ,31.11 ,10.46 ,3.08 ,,,
167,广汇汽车,批发,沪市主板,主板,应规,BBB,稳定,未披露,56.04 ,22.50 ,22.15 ,9.97 ,1.43 ,,,
168,爱尔眼科,社会服务业,深市创业板,创业板,应规,BBB,稳定,未披露,56.04 ,20.39 ,21.62 ,9.97 ,4.06 ,,,
169,隧道股份,建筑业,沪市主板,主板,自愿,BBB,稳定,"1,079.14 ",56.00 ,20.16 ,23.03 ,10.07 ,2.75 ,,,
170,华东医药,医药,深市主板,主板,应规,BBB,稳定,"1,979.00 ",55.55 ,17.81 ,25.14 ,10.46 ,2.14 ,,,
171,华孚时尚,纺织,深市中小板,中小板,自愿,BBB,稳定,"2,267.00 ",55.53 ,17.11 ,26.89 ,8.49 ,3.04 ,,,
172,华域汽车,机械,沪市主板,主板,应规,BBB,稳定,752.00 ,55.50 ,18.52 ,24.61 ,9.67 ,2.71 ,,,
173,光明乳业,食品,沪市主板,主板,应规,BBB,稳定,"8,027.18 ",55.46 ,17.11 ,25.14 ,11.25 ,1.96 ,,,
174,中国宝安,综合类,深市主板,主板,自愿,BBB,稳定,527.00 ,55.45 ,16.64 ,25.78 ,13.03 ,-,,,
175,小商品城,社会服务业,沪市主板,主板,自愿,BBB,稳定,214.00 ,55.34 ,19.45 ,21.97 ,10.16 ,3.75 ,,,
176,苏美达,批发,沪市主板,主板,自愿,BBB,稳定,"1,041.77 ",55.33 ,21.33 ,21.62 ,10.95 ,1.43 ,,,
177,中储股份,交通运输,沪市主板,主板,应规,BBB,稳定,未披露,55.33 ,18.28 ,23.73 ,8.78 ,4.53 ,,,
178,国电电力,电力,沪市主板,主板,应规,BBB,稳定,459.00 ,55.31 ,18.05 ,23.91 ,8.98 ,4.38 ,,,
179,南钢股份,金属,沪市主板,主板,应规,BBB,稳定,"1,369.00 ",55.29 ,16.64 ,25.14 ,9.67 ,3.85 ,,,
180,迈瑞医疗,机械,深市创业板,创业板,应规,BBB,稳定,"4,008.00 ",55.13 ,19.92 ,22.15 ,10.56 ,2.50 ,,,
181,南京熊猫,信息技术业,沪市主板,主板,自愿,BBB,稳定,"3,719.00 ",55.10 ,16.41 ,26.19 ,7.50 ,5.00 ,,,
182,洋河股份,食品,深市中小板,中小板,应规,BBB,积极,未披露,55.03 ,18.98 ,23.91 ,11.25 ,0.89 ,,,
183,保利地产,房地产业,沪市主板,主板,应规,BBB,稳定,"8,115.00 ",54.94 ,18.52 ,22.50 ,10.36 ,3.56 ,,,
184,柳药股份,批发,沪市主板,主板,自愿,BBB,稳定,"18,900.00 ",54.81 ,19.45 ,24.43 ,8.78 ,2.14 ,,,
185,东方雨虹,金属,深市中小板,中小板,应规,BBB,稳定,528.19 ,54.81 ,15.00 ,28.30 ,9.97 ,1.54 ,,,
186,新集能源,采掘业,沪市主板,主板,自愿,BBB,稳定,未披露,54.79 ,18.28 ,22.68 ,9.67 ,4.17 ,,,
187,杭齿前进,机械,沪市主板,主板,自愿,BBB,稳定,261.00 ,54.74 ,15.94 ,26.37 ,10.56 ,1.88 ,,,
188,正泰电器,机械,沪市主板,主板,应规,BBB,稳定,未披露,54.73 ,18.98 ,23.91 ,9.97 ,1.88 ,,,
189,锦江股份,社会服务业,沪市主板,主板,自愿,BBB,稳定,"3,592.00 ",54.67 ,19.22 ,22.15 ,9.87 ,3.44 ,,,
190,科伦药业,医药,深市中小板,中小板,应规,BBB,稳定,"1,082.00 ",54.66 ,16.88 ,26.02 ,9.18 ,2.59 ,,,
191,天健集团,建筑业,深市主板,主板,自愿,BBB,消极,未披露,54.64 ,19.69 ,23.73 ,9.97 ,1.25 ,,,
192,华电国际,电力,沪市主板,主板,应规,BBB,稳定,781.58 ,54.52 ,17.81 ,24.08 ,10.95 ,1.67 ,,,
193,安徽合力,机械,沪市主板,主板,应规,BBB,稳定,未披露,54.48 ,19.69 ,23.55 ,9.57 ,1.67 ,,,
194,申通快递,交通运输,深市中小板,中小板,自愿,BBB,积极,583.00 ,54.47 ,18.28 ,21.62 ,11.45 ,3.13 ,,,
195,江中药业,医药,沪市主板,主板,应规,BBB,消极,"2,052.00 ",54.46 ,16.41 ,25.49 ,10.07 ,2.50 ,,,
196,京能电力,电力,沪市主板,主板,自愿,BBB,积极,470.00 ,54.43 ,16.64 ,24.08 ,10.16 ,3.54 ,,,
197,华侨城A,房地产业,深市主板,主板,应规,BBB,稳定,未披露,54.42 ,18.28 ,25.31 ,9.77 ,1.06 ,,,
198,来伊份,批发,沪市主板,主板,自愿,BBB,稳定,"10,600.00 ",54.39 ,20.16 ,22.85 ,8.88 ,2.50 ,,,
199,长飞光纤,电子业,沪市主板,主板,自愿,BBB,稳定,未披露,54.38 ,19.22 ,24.26 ,10.07 ,0.83 ,,,
200,新世界,批发,沪市主板,主板,自愿,BBB,稳定,未披露,54.32 ,19.22 ,22.15 ,11.35 ,1.61 ,,,
201,长沙银行,金融,沪市主板,主板,自愿,BBB,稳定,未披露,54.24 ,17.58 ,24.61 ,7.99 ,4.06 ,,,
202,长安汽车,机械,深市主板,主板,应规,BBB,稳定,"4,460,878.00 ",54.19 ,19.92 ,21.80 ,9.97 ,2.50 ,,,
203,物产中大,批发,沪市主板,主板,应规,BBB,稳定,681.00 ,54.11 ,18.28 ,24.26 ,9.97 ,1.61 ,,,
204,百隆东方,纺织,沪市主板,主板,自愿,BBB,稳定,未披露,54.05 ,18.98 ,24.43 ,8.49 ,2.14 ,,,
205,中国动力,机械,沪市主板,主板,自愿,BBB,积极,438.00 ,53.95 ,19.22 ,22.85 ,11.25 ,0.63 ,,,
206,海正药业,医药,沪市主板,主板,自愿,BBB,积极,"1,348.00 ",53.89 ,18.05 ,24.79 ,9.28 ,1.79 ,,,
207,景兴纸业,造纸,深市中小板,中小板,自愿,BBB,稳定,未披露,53.87 ,16.88 ,25.31 ,9.18 ,2.50 ,,,
208,东软集团,信息技术业,沪市主板,主板,应规,BBB,稳定,未披露,53.81 ,17.58 ,22.15 ,7.20 ,6.88 ,,,
209,圆通速递,交通运输,沪市主板,主板,应规,BBB,积极,未披露,53.71 ,18.28 ,22.68 ,9.47 ,3.28 ,,,
210,中国中车,机械,沪市主板,主板,应规,BBB,稳定,"1,904.00 ",53.70 ,15.47 ,24.61 ,11.74 ,1.88 ,,,
211,上海银行,金融,沪市主板,主板,应规,BBB,消极,未披露,53.70 ,16.64 ,23.91 ,7.99 ,5.16 ,,,
212,黔源电力,电力,深市中小板,中小板,自愿,BBB,稳定,"18,034.00 ",53.65 ,20.16 ,20.57 ,9.18 ,3.75 ,,,
213,华东电脑,信息技术业,沪市主板,主板,应规,BBB,稳定,367.79 ,53.53 ,17.34 ,23.55 ,7.01 ,5.63 ,,,
214,西安银行,金融,沪市主板,主板,自愿,BBB,稳定,未披露,53.52 ,19.45 ,21.09 ,8.29 ,4.69 ,,,
215,上海家化,石油,沪市主板,主板,自愿,BBB,稳定,"2,361.57 ",53.51 ,17.34 ,25.66 ,10.16 ,0.34 ,,,
216,重药控股,批发,深市主板,主板,自愿,BBB,稳定,540.00 ,53.37 ,20.16 ,21.45 ,10.16 ,1.61 ,,,
217,中铝国际,建筑业,沪市主板,主板,自愿,BBB,稳定,691.00 ,53.36 ,13.13 ,25.49 ,9.38 ,5.38 ,,,
218,重庆水务,电力,沪市主板,主板,自愿,BBB,稳定,未披露,53.26 ,17.58 ,24.79 ,10.07 ,0.83 ,,,
219,新希望,食品,深市主板,主板,应规,BBB,稳定,"1,422.00 ",53.24 ,17.58 ,23.20 ,10.86 ,1.61 ,,,
220,强生控股,交通运输,沪市主板,主板,自愿,BBB,积极,未披露,53.20 ,18.98 ,23.03 ,8.68 ,2.50 ,,,
221,贵州燃气,电力,沪市主板,主板,自愿,BBB,稳定,64.74 ,53.12 ,18.52 ,20.39 ,10.46 ,3.75 ,,,
222,美凯龙,社会服务业,沪市主板,主板,应规,BBB,积极,未披露,53.12 ,14.53 ,25.31 ,10.46 ,2.81 ,,,
223,顺鑫农业,食品,深市主板,主板,应规,BBB,稳定,"4,960.00 ",53.10 ,19.45 ,23.55 ,8.49 ,1.61 ,,,
224,双汇发展,食品,深市主板,主板,应规,BBB,积极,728.09 ,53.02 ,15.23 ,25.14 ,9.97 ,2.68 ,,,
225,天风证券,金融,沪市主板,主板,自愿,BBB,稳定,未披露,53.02 ,17.58 ,22.15 ,8.29 ,5.00 ,,,
226,冀中能源,采掘业,深市主板,主板,自愿,BBB,稳定,未披露,52.94 ,18.05 ,23.55 ,9.67 ,1.67 ,,,
227,青岛海尔,机械,沪市主板,主板,应规,BBB,稳定,"1,049.00 ",52.91 ,16.88 ,24.08 ,9.87 ,2.08 ,,,
228,三六零,信息技术业,沪市主板,主板,自愿,BBB,稳定,"7,440.00 ",52.80 ,16.88 ,22.50 ,5.92 ,7.50 ,,,
229,陕国投A,金融,深市主板,主板,自愿,BBB,稳定,未披露,52.55 ,17.58 ,23.55 ,8.29 ,3.13 ,,,
230,锡业股份,金属,深市主板,主板,自愿,BBB,稳定,319.47 ,52.55 ,19.22 ,21.45 ,9.67 ,2.21 ,,,
231,氯碱化工,石油,沪市主板,主板,自愿,BBB,稳定,881.00 ,52.46 ,18.28 ,24.96 ,8.19 ,1.02 ,,,
232,万东医疗,机械,沪市主板,主板,自愿,BBB,稳定,未披露,52.37 ,15.00 ,25.49 ,9.18 ,2.71 ,,,
233,铁汉生态,社会服务业,深市创业板,创业板,自愿,BBB,消极,153.00 ,52.07 ,21.33 ,19.16 ,9.08 ,2.50 ,,,
234,华夏幸福,房地产业,沪市主板,主板,应规,BBB,稳定,304.29 ,51.84 ,18.52 ,22.50 ,9.67 ,1.15 ,,,
235,航发动力,机械,沪市主板,主板,自愿,BBB,稳定,未披露,51.81 ,16.17 ,25.49 ,8.49 ,1.67 ,,,
236,华峰氨纶,石油,深市中小板,中小板,自愿,BBB,稳定,未披露,51.81 ,15.70 ,23.38 ,9.77 ,2.95 ,,,
237,西部证券,金融,深市中小板,中小板,应规,BBB,积极,445.22 ,51.73 ,15.00 ,22.32 ,8.78 ,5.63 ,,,
238,华能水电,电力,沪市主板,主板,自愿,BBB,积极,"66,620.00 ",51.71 ,19.69 ,20.57 ,9.38 ,2.08 ,,,
239,葛洲坝,建筑业,沪市主板,主板,应规,BBB,消极,未披露,51.69 ,19.22 ,21.62 ,9.47 ,1.38 ,,,
240,东方盛虹,纺织,深市主板,主板,自愿,BBB,稳定,未披露,51.62 ,17.81 ,23.03 ,9.18 ,1.61 ,,,
241,三七互娱,信息技术业,深市中小板,中小板,自愿,BBB,积极,847.00 ,51.58 ,17.81 ,21.80 ,7.60 ,4.38 ,,,
242,江铃汽车,机械,深市主板,主板,自愿,BBB,稳定,474.91 ,51.56 ,15.70 ,24.08 ,9.28 ,2.50 ,,,
243,攀钢钒钛,金属,深市主板,主板,自愿,BBB,消极,91.83 ,51.49 ,18.28 ,22.68 ,9.38 ,1.15 ,,,
244,东方电气,机械,沪市主板,主板,应规,BBB,积极,"3,090.00 ",51.48 ,16.88 ,24.26 ,8.68 ,1.67 ,,,
245,利亚德,电子业,深市创业板,创业板,自愿,BBB,稳定,"1,129.00 ",51.48 ,19.69 ,18.63 ,10.66 ,2.50 ,,,
246,东华科技,建筑业,深市中小板,中小板,自愿,BBB,稳定,"1,264.00 ",51.43 ,20.16 ,23.03 ,7.99 ,0.25 ,,,
247,东尼电子,电子业,沪市主板,主板,自愿,BBB,稳定,149.16 ,51.40 ,15.94 ,24.96 ,9.67 ,0.83 ,,,
248,中国天楹,社会服务业,深市主板,主板,自愿,BBB,稳定,115.39 ,51.37 ,17.58 ,22.85 ,9.38 ,1.56 ,,,
249,中工国际,建筑业,深市中小板,中小板,自愿,BBB,稳定,223.00 ,51.30 ,18.75 ,21.27 ,9.28 ,2.00 ,,,
250,马应龙,批发,沪市主板,主板,应规,BBB,稳定,"1,200.35 ",51.27 ,19.45 ,19.51 ,10.16 ,2.14 ,,,
251,国元证券,金融,深市主板,主板,应规,BBB,稳定,未披露,51.10 ,15.47 ,23.55 ,8.49 ,3.59 ,,,
252,华数传媒,传播与文化业,深市主板,主板,自愿,BBB,积极,670.00 ,51.09 ,16.64 ,22.15 ,7.30 ,5.00 ,,,
253,金卡智能,信息技术业,深市创业板,创业板,自愿,BBB,积极,644.00 ,51.00 ,18.28 ,21.80 ,5.92 ,5.00 ,,,
254,青山纸业,造纸,沪市主板,主板,自愿,BBB,积极,未披露,50.89 ,17.34 ,24.96 ,8.59 ,0.00 ,,,
255,泛海控股,房地产业,深市主板,主板,自愿,BBB,稳定,155.00 ,50.88 ,18.28 ,21.09 ,9.87 ,1.63 ,,,
256,杭州银行,金融,沪市主板,主板,自愿,BBB,积极,931.00 ,50.87 ,15.00 ,23.20 ,8.29 ,4.38 ,,,
257,洛阳钼业,采掘业,沪市主板,主板,应规,BBB,积极,"5,412.00 ",50.84 ,17.34 ,22.50 ,10.16 ,0.83 ,,,
258,马钢股份,金属,沪市主板,主板,应规,BBB,稳定,未披露,50.84 ,11.95 ,24.43 ,8.49 ,5.96 ,,,
259,华新水泥,金属,沪市主板,主板,自愿,BBB,稳定,未披露,50.80 ,17.11 ,22.68 ,9.47 ,1.54 ,,,
260,广深铁路,交通运输,沪市主板,主板,应规,BBB,稳定,"5,181.00 ",50.79 ,15.47 ,22.68 ,8.59 ,4.06 ,,,
261,皖维高新,石油,沪市主板,主板,应规,BBB,稳定,未披露,50.73 ,19.45 ,21.45 ,8.59 ,1.25 ,,,
262,乐山电力,电力,沪市主板,主板,自愿,BBB,稳定,130.10 ,50.52 ,20.39 ,18.28 ,7.89 ,3.96 ,,,
263,上海临港,房地产业,沪市主板,主板,自愿,BBB,稳定,未披露,50.50 ,19.92 ,20.74 ,8.68 ,1.15 ,,,
264,上海贝岭,电子业,沪市主板,主板,应规,BBB,稳定,未披露,50.43 ,19.45 ,21.45 ,8.49 ,1.04 ,,,
265,康美药业,医药,沪市主板,主板,应规,BBB,消极,81.90 ,50.36 ,14.30 ,24.79 ,9.67 ,1.61 ,,,
266,新华制药,医药,深市主板,主板,自愿,BBB,稳定,未披露,50.23 ,15.23 ,23.38 ,8.49 ,3.13 ,,,
267,陕鼓动力,机械,沪市主板,主板,应规,BBB,稳定,未披露,50.21 ,15.47 ,24.79 ,8.29 ,1.67 ,,,
268,亚士创能,石油,沪市主板,主板,自愿,BBB,稳定,374.30 ,50.17 ,15.94 ,23.38 ,9.38 ,1.48 ,,,
269,中远海特,交通运输,沪市主板,主板,应规,BBB,稳定,未披露,50.13 ,19.45 ,19.34 ,8.68 ,2.66 ,,,
270,东北证券,金融,深市主板,主板,自愿,BBB,积极,未披露,50.11 ,14.53 ,22.85 ,7.11 ,5.63 ,,,
271,中信证券,金融,沪市主板,主板,应规,BBB,积极,未披露,50.10 ,15.94 ,22.85 ,6.32 ,5.00 ,,,
272,国泰君安,金融,沪市主板,主板,应规,BBB,稳定,未披露,50.00 ,14.53 ,23.20 ,7.89 ,4.38 ,,,
273,驰宏锌锗,采掘业,沪市主板,主板,应规,BBB-,积极,"6,708.00 ",49.97 ,17.58 ,21.09 ,10.46 ,0.83 ,,,
274,博腾股份,医药,深市创业板,创业板,自愿,BBB-,稳定,623.00 ,49.95 ,18.05 ,21.62 ,9.57 ,0.71 ,,,
275,亚宝药业,医药,沪市主板,主板,应规,BBB-,积极,124.49 ,49.93 ,17.58 ,21.80 ,8.68 ,1.88 ,,,
276,彤程新材,石油,沪市主板,主板,自愿,BBB-,稳定,273.00 ,49.86 ,15.94 ,21.27 ,9.47 ,3.18 ,,,
277,中原证券,金融,沪市主板,主板,应规,BBB-,积极,未披露,49.75 ,17.34 ,21.09 ,6.32 ,5.00 ,,,
278,银宝山新,机械,深市中小板,中小板,自愿,BBB-,稳定,未披露,49.72 ,18.05 ,20.39 ,8.78 ,2.50 ,,,
279,海峡环保,电力,沪市主板,主板,自愿,BBB-,稳定,未披露,49.50 ,16.17 ,20.92 ,9.08 ,3.33 ,,,
280,中国电建,建筑业,沪市主板,主板,应规,BBB-,消极,118.36 ,49.45 ,15.00 ,23.91 ,8.29 ,2.25 ,,,
281,永辉超市,批发,沪市主板,主板,自愿,BBB-,稳定,"7,695.00 ",49.45 ,15.00 ,20.74 ,8.88 ,4.82 ,,,
282,包钢股份,金属,沪市主板,主板,自愿,BBB-,稳定,未披露,49.43 ,18.05 ,21.09 ,7.70 ,2.60 ,,,
283,顺灏股份,造纸,深市中小板,中小板,自愿,BBB-,稳定,"3,323.00 ",49.41 ,15.70 ,24.61 ,7.60 ,1.50 ,,,
284,荣盛石化,石油,深市中小板,中小板,应规,BBB-,稳定,101.38 ,49.33 ,16.17 ,23.20 ,9.28 ,0.68 ,,,
285,鲁泰A,纺织,深市主板,主板,自愿,BBB-,积极,披露,49.32 ,15.94 ,22.85 ,8.39 ,2.14 ,,,
286,信达地产,房地产业,沪市主板,主板,应规,BBB-,稳定,812.00 ,49.13 ,19.69 ,17.93 ,10.07 ,1.44 ,,,
287,华闻传媒,传播与文化业,深市主板,主板,自愿,BBB-,积极,"2,509.00 ",49.03 ,14.53 ,21.80 ,7.70 ,5.00 ,,,
288,辽宁成大,批发,沪市主板,主板,应规,BB+,消极,"4,703.00 ",48.97 ,19.45 ,18.63 ,9.28 ,1.61 ,,,
289,郑煤机,机械,沪市主板,主板,自愿,BB+,消极,85.47 ,48.94 ,12.66 ,23.91 ,9.67 ,2.71 ,,,
290,国投中鲁,食品,沪市主板,主板,自愿,BB+,稳定,939.00 ,48.94 ,18.28 ,20.74 ,8.49 ,1.43 ,,,
291,金正大,石油,深市中小板,中小板,自愿,BB+,稳定,10.19 ,48.90 ,19.45 ,19.16 ,9.38 ,0.91 ,,,
292,江南水务,电力,沪市主板,主板,应规,BB+,稳定,未披露,48.85 ,14.77 ,21.27 ,9.28 ,3.54 ,,,
293,国信证券,金融,深市中小板,中小板,应规,BB+,消极,194.82 ,48.75 ,13.83 ,22.50 ,7.11 ,5.31 ,,,
294,置信电气,机械,沪市主板,主板,应规,BB+,稳定,"3,423.00 ",48.73 ,16.17 ,22.15 ,9.57 ,0.83 ,,,
295,联化科技,石油,深市中小板,中小板,自愿,BB+,稳定,19.37 ,48.68 ,17.11 ,21.09 ,9.57 ,0.91 ,,,
296,四方股份,机械,沪市主板,主板,自愿,BB+,消极,47.01 ,48.61 ,18.75 ,18.63 ,9.77 ,1.46 ,,,
297,上峰水泥,金属,深市主板,主板,自愿,BB+,稳定,217.00 ,48.54 ,17.11 ,19.86 ,8.59 ,2.98 ,,,
298,拉夏贝尔,纺织,沪市主板,主板,自愿,BB+,稳定,"1,472.36 ",48.49 ,15.94 ,21.97 ,9.87 ,0.71 ,,,
299,国海证券,金融,深市主板,主板,自愿,BB+,消极,-160.00 ,48.47 ,16.88 ,18.63 ,8.59 ,4.38 ,,,
300,杰赛科技,信息技术业,深市中小板,中小板,自愿,BB+,稳定,未披露,48.46 ,15.94 ,22.85 ,5.92 ,3.75 ,,,
301,四川成渝,交通运输,沪市主板,主板,自愿,BB+,消极,未披露,48.44 ,12.42 ,23.20 ,9.38 ,3.44 ,,,
302,海鸥住工,金属,深市中小板,中小板,自愿,BB+,消极,未披露,48.33 ,16.17 ,22.32 ,8.68 ,1.15 ,,,
303,日照港,交通运输,沪市主板,主板,应规,BB+,稳定,41.95 ,48.31 ,14.06 ,21.80 ,8.39 ,4.06 ,,,
304,科大讯飞,信息技术业,深市中小板,中小板,应规,BB+,稳定,644.37 ,48.04 ,16.41 ,20.74 ,6.51 ,4.38 ,,,
305,海南橡胶,农,沪市主板,主板,自愿,BB+,稳定,未披露,48.03 ,17.11 ,19.86 ,9.18 ,1.88 ,,,
306,重庆燃气,电力,沪市主板,主板,应规,BB,消极,未披露,48.00 ,14.53 ,18.81 ,9.87 ,4.79 ,,,
307,深高速,交通运输,沪市主板,主板,应规,BB,稳定,348.00 ,47.99 ,10.78 ,23.38 ,9.77 ,4.06 ,,,
308,青青稞酒,食品,深市中小板,中小板,自愿,BB,稳定,未披露,47.70 ,17.11 ,20.92 ,8.78 ,0.89 ,,,
309,硅宝科技,石油,深市创业板,创业板,自愿,BB,稳定,107.57 ,47.70 ,15.70 ,21.80 ,9.18 ,1.02 ,,,
310,伟星新材,石油,深市中小板,中小板,自愿,BB,稳定,65.13 ,47.68 ,17.11 ,21.09 ,9.47 ,0.00 ,,,
311,国药一致,批发,深市主板,主板,自愿,BB,稳定,978.33 ,47.65 ,17.11 ,19.51 ,8.88 ,2.14 ,,,
312,益民集团,批发,沪市主板,主板,自愿,BB,稳定,未披露,47.55 ,18.05 ,17.93 ,9.97 ,1.61 ,,,
313,福耀玻璃,金属,沪市主板,主板,应规,BB,稳定,109.50 ,47.30 ,15.94 ,21.62 ,8.68 ,1.06 ,,,
314,德美化工,石油,深市中小板,中小板,自愿,BB,稳定,"4,120.00 ",47.29 ,16.41 ,20.74 ,8.78 ,1.36 ,,,
315,广日股份,机械,沪市主板,主板,应规,BB,稳定,未披露,47.29 ,14.06 ,22.68 ,8.88 ,1.67 ,,,
316,天虹股份,批发,深市中小板,中小板,自愿,BB,消极,未披露,47.25 ,15.94 ,21.97 ,8.09 ,1.25 ,,,
317,铁龙物流,交通运输,沪市主板,主板,应规,BB,消极,未披露,47.20 ,17.58 ,19.16 ,8.59 ,1.88 ,,,
318,特变电工,机械,沪市主板,主板,应规,BB,稳定,508.80 ,47.17 ,15.23 ,21.97 ,8.09 ,1.88 ,,,
319,大悦城,房地产业,深市主板,主板,自愿,BB,稳定,"2,534.18 ",47.12 ,16.41 ,19.51 ,9.57 ,1.63 ,,,
320,海航基础,房地产业,沪市主板,主板,自愿,BB,消极,"1,389.00 ",47.12 ,15.70 ,20.39 ,9.97 ,1.06 ,,,
321,惠而浦,机械,沪市主板,主板,自愿,BB,稳定,"2,064.00 ",47.12 ,16.64 ,19.51 ,8.88 ,2.08 ,,,
322,韵达股份,交通运输,深市中小板,中小板,自愿,BB,稳定,261.84 ,46.97 ,17.11 ,18.46 ,9.38 ,2.03 ,,,
323,长江证券,金融,深市主板,主板,应规,BB,消极,"2,698.00 ",46.94 ,15.47 ,19.34 ,8.39 ,3.75 ,,,
324,一拖股份,机械,沪市主板,主板,应规,BB,稳定,未披露,46.93 ,15.47 ,20.21 ,9.38 ,1.88 ,,,
325,云煤能源,石油,沪市主板,主板,自愿,BB,稳定,未披露,46.85 ,16.88 ,19.34 ,9.28 ,1.36 ,,,
326,棕榈股份,建筑业,深市中小板,中小板,自愿,BB,稳定,191.64 ,46.84 ,17.11 ,18.28 ,9.57 ,1.88 ,,,
327,华帝股份,机械,深市中小板,中小板,自愿,BB,消极,未披露,46.82 ,18.05 ,17.75 ,9.77 ,1.25 ,,,
328,大族激光,机械,深市中小板,中小板,应规,BB,稳定,676.94 ,46.63 ,13.13 ,22.15 ,9.28 ,2.08 ,,,
329,大洋电机,机械,深市中小板,中小板,自愿,BB,消极,"1,718.63 ",46.53 ,16.88 ,18.81 ,9.18 ,1.67 ,,,
330,格力电器,机械,深市主板,主板,应规,BB,稳定,未披露,46.50 ,14.77 ,21.09 ,9.18 ,1.46 ,,,
331,伟明环保,社会服务业,沪市主板,主板,应规,BB,稳定,"26,379.00 ",46.38 ,16.88 ,17.93 ,9.08 ,2.50 ,,,
332,航天晨光,机械,沪市主板,主板,自愿,BB,稳定,740.00 ,46.34 ,15.94 ,20.74 ,7.99 ,1.67 ,,,
333,国中水务,电力,沪市主板,主板,自愿,BB,稳定,未披露,46.29 ,17.11 ,18.46 ,9.47 ,1.25 ,,,
334,东旭光电,电子业,深市主板,主板,应规,BB,消极,10.40 ,46.26 ,18.28 ,17.05 ,9.47 ,1.46 ,,,
335,中金黄金,金属,沪市主板,主板,应规,BB,稳定,"2,163.61 ",46.26 ,14.77 ,19.16 ,8.68 ,3.65 ,,,
336,飞利信,信息技术业,深市创业板,创业板,自愿,BB,消极,未披露,46.20 ,16.41 ,16.17 ,7.99 ,5.63 ,,,
337,天齐锂业,金属,深市中小板,中小板,应规,BB,稳定,未披露,46.17 ,14.06 ,20.75 ,8.29 ,3.08 ,,,
338,崇达技术,电子业,深市中小板,中小板,自愿,BB,稳定,"2,200.00 ",46.14 ,15.23 ,19.86 ,9.38 ,1.67 ,,,
339,海大集团,食品,深市中小板,中小板,自愿,BB,稳定,未披露,46.06 ,14.30 ,21.09 ,8.88 ,1.79 ,,,
340,皖通高速,交通运输,沪市主板,主板,应规,BB,稳定,"1,437.00 ",45.94 ,9.38 ,24.08 ,9.67 ,2.81 ,,,
341,市北高新,房地产业,沪市主板,主板,自愿,BB,稳定,未披露,45.94 ,15.94 ,19.86 ,9.18 ,0.96 ,,,
342,青农商行,金融,深市中小板,中小板,自愿,BB,稳定,238.00 ,45.92 ,15.00 ,19.69 ,7.80 ,3.44 ,,,
343,亚厦股份,建筑业,深市中小板,中小板,自愿,BB,稳定,"2,419.00 ",45.91 ,15.00 ,19.34 ,9.57 ,2.00 ,,,
344,百联股份,批发,沪市主板,主板,自愿,BB,稳定,369.00 ,45.86 ,16.17 ,18.98 ,9.28 ,1.43 ,,,
345,佐力药业,医药,深市创业板,创业板,自愿,BB,消极,872.00 ,45.84 ,16.41 ,18.63 ,9.38 ,1.43 ,,,
346,新时达,机械,深市中小板,中小板,自愿,BB,稳定,未披露,45.83 ,14.06 ,21.62 ,8.68 ,1.46 ,,,
347,金陵饭店,社会服务业,沪市主板,主板,应规,BB,稳定,-260.69 ,45.81 ,15.70 ,19.51 ,8.09 ,2.50 ,,,
348,宁德时代,机械,深市创业板,创业板,应规,BB,稳定,77.42 ,45.79 ,15.23 ,21.09 ,7.80 ,1.67 ,,,
349,栖霞建设,房地产业,沪市主板,主板,应规,BB,消极,"3,735.90 ",45.75 ,14.77 ,19.69 ,9.18 ,2.12 ,,,
350,安泰科技,金属,深市主板,主板,自愿,BB,稳定,219.00 ,45.72 ,18.05 ,18.81 ,8.09 ,0.77 ,,,
351,沃森生物,医药,深市创业板,创业板,应规,BB,稳定,未披露,45.68 ,15.94 ,18.81 ,8.88 ,2.05 ,,,
352,飞凯材料,石油,深市创业板,创业板,自愿,BB,稳定,"1,046.20 ",45.67 ,16.64 ,19.86 ,8.49 ,0.68 ,,,
353,东吴证券,金融,沪市主板,主板,应规,BB,稳定,284.40 ,45.65 ,13.36 ,21.09 ,6.51 ,4.69 ,,,
354,碧水源,社会服务业,深市创业板,创业板,应规,BB,稳定,347.00 ,45.63 ,17.34 ,18.63 ,8.09 ,1.56 ,,,
355,光明地产,房地产业,沪市主板,主板,应规,BB,稳定,"1,244.52 ",45.56 ,18.75 ,17.05 ,9.18 ,0.58 ,,,
356,金枫酒业,食品,沪市主板,主板,自愿,BB,稳定,"1,418.00 ",45.43 ,15.23 ,20.21 ,8.19 ,1.79 ,,,
357,悦心健康,金属,深市中小板,中小板,自愿,BB,稳定,未披露,45.39 ,14.53 ,20.04 ,9.57 ,1.25 ,,,
358,荣晟环保,造纸,沪市主板,主板,自愿,BB,稳定,未披露,45.37 ,15.94 ,18.11 ,9.08 ,2.25 ,,,
359,燕京啤酒,食品,深市主板,主板,自愿,BB,稳定,未披露,45.36 ,16.17 ,19.69 ,8.78 ,0.71 ,,,
360,国投电力,电力,沪市主板,主板,应规,BB,稳定,未披露,45.33 ,14.06 ,20.04 ,7.89 ,3.33 ,,,
361,三一重工,机械,沪市主板,主板,应规,BB,稳定,"4,364.00 ",45.32 ,14.77 ,20.21 ,8.88 ,1.46 ,,,
362,*ST厦工,机械,沪市主板,主板,自愿,BB,稳定,"6,116.29 ",45.30 ,15.47 ,18.46 ,9.08 ,2.29 ,,,
363,歌尔股份,电子业,深市中小板,中小板,应规,BB,稳定,未披露,45.28 ,15.00 ,19.51 ,8.68 ,2.08 ,,,
364,高能环境,社会服务业,沪市主板,主板,应规,BB,稳定,未披露,45.22 ,15.70 ,20.57 ,7.70 ,1.25 ,,,
365,浪潮信息,信息技术业,深市主板,主板,应规,BB,稳定,324.62 ,45.06 ,15.00 ,20.39 ,5.92 ,3.75 ,,,
366,安琪酵母,食品,沪市主板,主板,自愿,BB,稳定,659.00 ,45.04 ,12.89 ,21.97 ,8.39 ,1.79 ,,,
367,锦州港,交通运输,沪市主板,主板,应规,BB,稳定,未披露,45.03 ,18.05 ,15.47 ,10.26 ,1.25 ,,,
368,中铁工业,机械,沪市主板,主板,应规,BB,稳定,242.00 ,45.03 ,16.41 ,18.11 ,9.47 ,1.04 ,,,
369,塔牌集团,金属,深市中小板,中小板,自愿,BB,稳定,未披露,45.02 ,16.88 ,17.93 ,8.59 ,1.63 ,,,
370,大康农业,批发,深市中小板,中小板,自愿,BB,稳定,"1,723.11 ",45.01 ,19.22 ,14.59 ,9.77 ,1.43 ,,,
371,丽江旅游,社会服务业,深市中小板,中小板,自愿,BB,稳定,-685.20 ,44.94 ,15.23 ,18.11 ,8.78 ,2.81 ,,,
372,山东钢铁,金属,沪市主板,主板,应规,BB,稳定,191.63 ,44.90 ,14.06 ,18.98 ,8.59 ,3.27 ,,,
373,杉杉股份,机械,沪市主板,主板,自愿,BB,消极,"2,107.00 ",44.85 ,17.58 ,18.46 ,8.19 ,0.63 ,,,
374,新疆众和,电子业,沪市主板,主板,应规,BB,稳定,"1,115.28 ",44.85 ,14.53 ,21.09 ,8.39 ,0.83 ,,,
375,大名城,房地产业,沪市主板,主板,应规,BB,稳定,184.61 ,44.83 ,16.17 ,18.81 ,9.08 ,0.77 ,,,
376,鹏欣资源,金属,沪市主板,主板,自愿,BB,稳定,763.00 ,44.81 ,17.11 ,17.75 ,9.18 ,0.77 ,,,
377,中天金融,房地产业,深市主板,主板,应规,BB,稳定,198.42 ,44.76 ,15.70 ,17.05 ,10.66 ,1.35 ,,,
378,江苏吴中,综合类,沪市主板,主板,自愿,BB,稳定,"1,450.00 ",44.75 ,15.00 ,17.77 ,11.97 ,-,,,
379,中信重工,机械,沪市主板,主板,应规,BB,稳定,未披露,44.64 ,14.30 ,19.86 ,8.19 ,2.29 ,,,
380,供销大集,批发,深市主板,主板,自愿,BB,消极,106.16 ,44.63 ,14.77 ,18.98 ,9.28 ,1.61 ,,,
381,安徽水利,建筑业,沪市主板,主板,应规,BB,稳定,759.00 ,44.57 ,15.47 ,19.51 ,8.59 ,1.00 ,,,
382,金禾实业,石油,深市中小板,中小板,自愿,BB,稳定,800.00 ,44.55 ,14.77 ,17.75 ,9.08 ,2.95 ,,,
383,华媒控股,传播与文化业,深市主板,主板,自愿,BB,稳定,911.00 ,44.36 ,12.19 ,21.45 ,5.72 ,5.00 ,,,
384,长城汽车,机械,沪市主板,主板,应规,BB,稳定,105.18 ,44.33 ,13.13 ,20.39 ,7.89 ,2.92 ,,,
385,冠城大通,房地产业,沪市主板,主板,应规,BB,稳定,未披露,44.23 ,14.30 ,19.51 ,8.98 ,1.44 ,,,
386,西昌电力,电力,沪市主板,主板,自愿,BB,稳定,758.94 ,44.19 ,12.89 ,20.21 ,8.59 ,2.50 ,,,
387,天坛生物,医药,沪市主板,主板,应规,BB,稳定,70.68 ,44.18 ,15.94 ,18.81 ,8.09 ,1.34 ,,,
388,深科技,信息技术业,深市主板,主板,自愿,BB,稳定,未披露,43.97 ,14.53 ,20.39 ,5.92 ,3.13 ,,,
389,农产品,社会服务业,深市主板,主板,自愿,BB,稳定,530.07 ,43.92 ,15.00 ,17.40 ,8.39 ,3.13 ,,,
390,四维图新,信息技术业,深市中小板,中小板,应规,BB,稳定,未披露,43.88 ,11.72 ,21.80 ,6.61 ,3.75 ,,,
391,大众公用,电力,沪市主板,主板,应规,BB,消极,未披露,43.86 ,16.17 ,16.52 ,9.08 ,2.08 ,,,
392,卧龙电气,机械,沪市主板,主板,应规,BB,稳定,未披露,43.84 ,13.59 ,20.04 ,9.38 ,0.83 ,,,
393,宝新能源,电力,深市主板,主板,自愿,BB,稳定,637.00 ,43.83 ,15.47 ,16.52 ,8.09 ,3.75 ,,,
394,三角轮胎,石油,沪市主板,主板,应规,BB,稳定,未披露,43.74 ,12.19 ,22.50 ,8.49 ,0.57 ,,,
395,天士力,医药,沪市主板,主板,应规,BB,稳定,483.04 ,43.72 ,15.94 ,17.23 ,8.68 ,1.88 ,,,
396,双鹭药业,医药,深市中小板,中小板,自愿,BB,稳定,"1,545.00 ",43.68 ,14.77 ,18.81 ,8.59 ,1.52 ,,,
397,宝信软件,信息技术业,沪市主板,主板,应规,BB,稳定,571.45 ,43.66 ,14.06 ,18.28 ,6.32 ,5.00 ,,,
398,国轩高科,机械,深市中小板,中小板,自愿,BB,稳定,669.00 ,43.58 ,14.06 ,19.34 ,7.89 ,2.29 ,,,
399,浙江龙盛,石油,沪市主板,主板,应规,BB,稳定,未披露,43.58 ,18.28 ,15.12 ,9.28 ,0.91 ,,,
400,上海环境,社会服务业,沪市主板,主板,自愿,BB,积极,"4,111.36 ",43.54 ,11.72 ,19.34 ,9.67 ,2.81 ,,,
401,华建集团,社会服务业,沪市主板,主板,自愿,BB,稳定,未披露,43.53 ,17.81 ,14.77 ,9.08 ,1.88 ,,,
402,潞安环能,采掘业,沪市主板,主板,自愿,BB,消极,未披露,43.53 ,18.05 ,15.12 ,10.36 ,0.00 ,,,
403,康芝药业,医药,深市创业板,创业板,自愿,BB,积极,"2,662.96 ",43.47 ,14.77 ,17.93 ,9.08 ,1.70 ,,,
404,中国巨石,金属,沪市主板,主板,应规,BB,稳定,未披露,43.41 ,15.70 ,18.46 ,8.19 ,1.06 ,,,
405,大秦铁路,交通运输,沪市主板,主板,应规,BB,稳定,未披露,43.40 ,13.13 ,19.16 ,7.99 ,3.13 ,,,
406,申通地铁,交通运输,沪市主板,主板,自愿,BB,稳定,"16,147.00 ",43.39 ,13.36 ,17.75 ,8.68 ,3.59 ,,,
407,乐普医疗,机械,深市创业板,创业板,应规,BB,稳定,30.64 ,43.34 ,15.00 ,18.63 ,9.08 ,0.63 ,,,
408,生益科技,电子业,沪市主板,主板,应规,BB,稳定,"1,218.69 ",43.23 ,14.77 ,18.81 ,7.99 ,1.67 ,,,
409,第一创业,金融,深市中小板,中小板,应规,BB,稳定,未披露,43.19 ,12.66 ,20.57 ,6.22 ,3.75 ,,,
410,太阳纸业,造纸,深市中小板,中小板,自愿,BB,稳定,124.00 ,43.07 ,15.23 ,17.40 ,8.68 ,1.75 ,,,
411,红宝丽,石油,深市中小板,中小板,自愿,BB,稳定,未披露,43.03 ,15.94 ,18.11 ,8.19 ,0.80 ,,,
412,城投控股,房地产业,沪市主板,主板,应规,BB,积极,29.08 ,42.99 ,18.05 ,14.41 ,9.28 ,1.25 ,,,
413,上实发展,房地产业,沪市主板,主板,应规,BB,稳定,"1,028.00 ",42.97 ,14.77 ,17.40 ,8.68 ,2.12 ,,,
414,*ST海投,社会服务业,沪市主板,主板,自愿,BB,稳定,未披露,42.97 ,14.53 ,15.82 ,9.18 ,3.44 ,,,
415,泰禾集团,房地产业,深市主板,主板,自愿,BB,稳定,114.43 ,42.94 ,16.41 ,17.75 ,8.78 ,0.00 ,,,
416,杰克股份,机械,沪市主板,主板,应规,BB,稳定,"2,555.00 ",42.92 ,15.23 ,17.05 ,9.18 ,1.46 ,,,
417,豫园商城,批发,沪市主板,主板,自愿,BB,稳定,454.25 ,42.90 ,16.41 ,16.70 ,8.19 ,1.61 ,,,
418,石化油服,采掘业,沪市主板,主板,自愿,BB,稳定,未披露,42.83 ,13.36 ,20.04 ,8.39 ,1.04 ,,,
419,汇川技术,机械,深市创业板,创业板,应规,BB,稳定,未披露,42.81 ,17.11 ,16.88 ,7.99 ,0.83 ,,,
420,南玻A,金属,深市主板,主板,自愿,BB,稳定,"1,166.90 ",42.80 ,13.59 ,18.81 ,8.19 ,2.21 ,,,
421,连云港,交通运输,沪市主板,主板,应规,BB,稳定,472.00 ,42.79 ,16.41 ,16.00 ,8.98 ,1.41 ,,,
422,江西长运,交通运输,沪市主板,主板,自愿,BB,稳定,"35,143.00 ",42.70 ,13.59 ,16.52 ,7.89 ,4.69 ,,,
423,三棵树,石油,沪市主板,主板,自愿,BB,稳定,25.15 ,42.66 ,16.41 ,16.17 ,9.18 ,0.91 ,,,
424,创业环保,电力,沪市主板,主板,自愿,BB,稳定,未披露,42.63 ,16.64 ,17.05 ,7.89 ,1.04 ,,,
425,徐工机械,机械,深市主板,主板,应规,BB,稳定,526.80 ,42.60 ,12.89 ,20.57 ,7.89 ,1.25 ,,,
426,奥克股份,石油,深市创业板,创业板,自愿,BB,稳定,"2,046.00 ",42.57 ,17.11 ,15.47 ,9.08 ,0.91 ,,,
427,广州港,交通运输,沪市主板,主板,自愿,BB,稳定,未披露,42.57 ,11.95 ,18.98 ,8.19 ,3.44 ,,,
428,奥飞娱乐,造纸,深市中小板,中小板,自愿,BB,稳定,未披露,42.52 ,15.47 ,16.17 ,9.38 ,1.50 ,,,
429,唐山港,交通运输,沪市主板,主板,应规,BB,稳定,"-1,630.19 ",42.51 ,15.23 ,15.47 ,8.68 ,3.13 ,,,
430,蓝色光标,社会服务业,深市创业板,创业板,自愿,BB,稳定,"1,609.97 ",42.47 ,11.02 ,19.86 ,8.78 ,2.81 ,,,
431,福田汽车,机械,沪市主板,主板,应规,BB,稳定,389.00 ,42.41 ,14.53 ,18.63 ,7.99 ,1.25 ,,,
432,大众交通,交通运输,沪市主板,主板,应规,BB,稳定,未披露,42.36 ,13.59 ,15.82 ,8.88 ,4.06 ,,,
433,中公教育,批发,深市中小板,中小板,自愿,BB,稳定,881.55 ,42.30 ,15.23 ,17.05 ,8.59 ,1.43 ,,,
434,山东高速,交通运输,沪市主板,主板,应规,BB,稳定,"1,153.00 ",42.30 ,15.23 ,16.35 ,8.68 ,2.03 ,,,
435,鸿博股份,造纸,深市中小板,中小板,自愿,BB,稳定,"2,943.89 ",42.25 ,14.06 ,18.46 ,8.98 ,0.75 ,,,
436,中顺洁柔,造纸,深市中小板,中小板,自愿,BB,稳定,5.14 ,42.23 ,13.13 ,18.46 ,7.89 ,2.75 ,,,
437,中泰化学,石油,深市中小板,中小板,应规,BB,稳定,407.00 ,42.20 ,12.89 ,18.81 ,8.68 ,1.82 ,,,
438,宁波海运,交通运输,沪市主板,主板,应规,BB,稳定,"2,428.00 ",42.19 ,15.70 ,16.52 ,8.09 ,1.88 ,,,
439,德邦股份,交通运输,沪市主板,主板,自愿,BB,稳定,235.63 ,42.13 ,15.23 ,16.17 ,7.60 ,3.13 ,,,
440,天源迪科,信息技术业,深市创业板,创业板,自愿,BB,稳定,456.00 ,42.12 ,11.25 ,20.74 ,7.01 ,3.13 ,,,
441,三友化工,石油,沪市主板,主板,应规,BB,稳定,200+,42.12 ,14.77 ,18.81 ,8.09 ,0.45 ,,,
442,海康威视,信息技术业,深市中小板,中小板,应规,BB,积极,"1,586.00 ",42.10 ,13.13 ,18.28 ,6.32 ,4.38 ,,,
443,冀东水泥,金属,深市主板,主板,自愿,BB,稳定,"11,353.00 ",42.07 ,14.30 ,17.75 ,8.09 ,1.92 ,,,
444,江苏神通,机械,深市中小板,中小板,自愿,BB,稳定,"1,483.00 ",42.06 ,14.53 ,18.11 ,8.59 ,0.83 ,,,
445,智飞生物,医药,深市创业板,创业板,应规,BB,稳定,103.34 ,42.02 ,13.13 ,19.34 ,7.60 ,1.96 ,,,
446,中国医药,医药,沪市主板,主板,应规,BB,积极,"1,451.37 ",42.02 ,15.00 ,17.75 ,8.19 ,1.07 ,,,
447,三钢闽光,金属,深市中小板,中小板,应规,BB,稳定,"1,545.00 ",42.00 ,14.53 ,16.88 ,7.99 ,2.60 ,,,
448,北京城建,房地产业,沪市主板,主板,应规,BB,积极,"6,506.89 ",41.96 ,15.23 ,17.58 ,7.89 ,1.25 ,,,
449,启迪桑德,社会服务业,深市主板,主板,自愿,BB,稳定,"1,230.08 ",41.92 ,15.47 ,15.47 ,8.49 ,2.50 ,,,
450,盐湖股份,石油,深市主板,主板,自愿,BB,稳定,643.91 ,41.91 ,15.00 ,15.82 ,9.28 ,1.82 ,,,
451,今创集团,机械,沪市主板,主板,自愿,BB,稳定,未披露,41.89 ,15.23 ,17.23 ,8.39 ,1.04 ,,,
452,兴瑞科技,电子业,深市中小板,中小板,自愿,BB,稳定,441.96 ,41.89 ,14.30 ,18.28 ,8.68 ,0.63 ,,,
453,通化东宝,医药,沪市主板,主板,自愿,BB,稳定,109.70 ,41.83 ,16.41 ,15.82 ,7.99 ,1.61 ,,,
454,建发股份,批发,沪市主板,主板,应规,BB,稳定,未披露,41.72 ,13.83 ,17.23 ,8.88 ,1.79 ,,,
455,方大集团,金属,深市主板,主板,自愿,BB,稳定,"7,632.00 ",41.69 ,15.00 ,17.93 ,7.99 ,0.77 ,,,
456,伊力特,食品,沪市主板,主板,自愿,BB,稳定,"2,246.16 ",41.67 ,11.25 ,21.80 ,8.09 ,0.54 ,,,
457,华伍股份,机械,深市创业板,创业板,自愿,BB,稳定,"42,788.62 ",41.67 ,15.23 ,16.00 ,8.98 ,1.46 ,,,
458,宝钛股份,金属,沪市主板,主板,应规,BB,稳定,未披露,41.63 ,13.36 ,19.51 ,7.80 ,0.96 ,,,
459,大华股份,电子业,深市中小板,中小板,应规,BB,稳定,未披露,41.59 ,13.59 ,18.28 ,8.88 ,0.83 ,,,
460,东方钽业,金属,深市主板,主板,自愿,BB,稳定,"2,529.43 ",41.58 ,15.23 ,16.52 ,8.09 ,1.73 ,,,
461,深圳能源,电力,深市主板,主板,自愿,BB,稳定,未披露,41.56 ,13.36 ,17.93 ,8.19 ,2.08 ,,,
462,四创电子,电子业,沪市主板,主板,应规,BB,稳定,未披露,41.54 ,15.47 ,16.35 ,8.68 ,1.04 ,,,
463,时代新材,石油,沪市主板,主板,应规,BB,稳定,未披露,41.52 ,14.30 ,18.63 ,8.59 ,0.00 ,,,
464,康缘药业,医药,沪市主板,主板,应规,BB,稳定,-426.96 ,41.50 ,13.59 ,17.40 ,8.09 ,2.41 ,,,
465,胜利股份,电力,深市主板,主板,自愿,BB,稳定,未披露,41.43 ,17.34 ,13.36 ,9.47 ,1.25 ,,,
466,汉缆股份,机械,深市中小板,中小板,自愿,BB,稳定,未披露,41.41 ,13.36 ,17.75 ,7.80 ,2.50 ,,,
467,金徽酒,食品,沪市主板,主板,自愿,BB,稳定,未披露,41.40 ,12.42 ,18.98 ,9.28 ,0.71 ,,,
468,格力地产,房地产业,沪市主板,主板,自愿,BB,稳定,未披露,41.34 ,14.77 ,17.23 ,8.29 ,1.06 ,,,
469,新钢股份,金属,沪市主板,主板,自愿,BB,稳定,513.00 ,41.22 ,13.36 ,18.81 ,7.89 ,1.15 ,,,
470,中广核技,石油,深市主板,主板,自愿,BB,稳定,"5,911.00 ",41.21 ,15.47 ,16.17 ,8.09 ,1.48 ,,,
471,贵研铂业,金属,沪市主板,主板,应规,BB,稳定,未披露,41.21 ,11.95 ,19.51 ,8.68 ,1.06 ,,,
472,中国武夷,房地产业,深市主板,主板,自愿,BB,稳定,184.74 ,41.17 ,14.06 ,17.75 ,8.59 ,0.77 ,,,
473,诺力股份,机械,沪市主板,主板,自愿,BB,稳定,未披露,41.14 ,11.25 ,18.81 ,8.59 ,2.50 ,,,
474,金新农,食品,深市中小板,中小板,自愿,BB,稳定,未披露,41.14 ,13.36 ,17.23 ,8.59 ,1.96 ,,,
475,ST冠福,医药,深市中小板,中小板,自愿,BB,稳定,-287.18 ,41.13 ,16.17 ,15.47 ,8.68 ,0.80 ,,,
476,金融街,房地产业,深市主板,主板,自愿,BB,稳定,未披露,41.12 ,15.94 ,15.64 ,8.19 ,1.35 ,,,
477,渤海租赁,社会服务业,深市主板,主板,自愿,BB,稳定,未披露,41.03 ,16.17 ,13.71 ,9.28 ,1.88 ,,,
478,中粮糖业,食品,沪市主板,主板,应规,BB,稳定,"2,279.00 ",41.02 ,13.83 ,17.77 ,7.99 ,1.43 ,,,
479,亚邦股份,石油,沪市主板,主板,自愿,BB,稳定,504.00 ,41.00 ,13.13 ,17.93 ,8.59 ,1.36 ,,,
480,威孚高科,机械,深市主板,主板,自愿,BB,稳定,161.56 ,40.93 ,13.59 ,17.40 ,8.68 ,1.25 ,,,
481,皖新传媒,传播与文化业,沪市主板,主板,自愿,BB,消极,"2,396.00 ",40.93 ,8.67 ,20.74 ,6.51 ,5.00 ,,,
482,中国卫星,信息技术业,沪市主板,主板,应规,BB,积极,"1,105.81 ",40.92 ,13.59 ,18.28 ,5.92 ,3.13 ,,,
483,雅戈尔,纺织,沪市主板,主板,应规,BB,稳定,未披露,40.88 ,15.23 ,16.35 ,8.59 ,0.71 ,,,
484,报喜鸟,纺织,深市中小板,中小板,自愿,BB,稳定,未披露,40.86 ,16.17 ,16.00 ,7.80 ,0.89 ,,,
485,北新建材,金属,深市主板,主板,应规,BB,稳定,未披露,40.84 ,14.30 ,17.23 ,7.20 ,2.12 ,,,
486,中环股份,机械,深市中小板,中小板,应规,BB,稳定,"2,465.98 ",40.76 ,14.77 ,15.29 ,9.87 ,0.83 ,,,
487,至纯科技,机械,沪市主板,主板,自愿,BB,稳定,632.56 ,40.76 ,16.41 ,14.94 ,8.78 ,0.63 ,,,
488,中牧股份,医药,沪市主板,主板,应规,BB,积极,32.44 ,40.67 ,15.00 ,16.70 ,7.89 ,1.07 ,,,
489,恒林股份,木材,沪市主板,主板,自愿,BB,稳定,未披露,40.66 ,14.30 ,15.29 ,8.88 ,2.19 ,,,
490,伊之密,机械,深市创业板,创业板,自愿,BB,稳定,170.95 ,40.63 ,13.83 ,17.40 ,8.98 ,0.42 ,,,
491,中新药业,医药,沪市主板,主板,自愿,BB,积极,175.60 ,40.62 ,13.36 ,17.93 ,7.99 ,1.34 ,,,
492,三环集团,电子业,深市创业板,创业板,应规,BB,积极,562.00 ,40.60 ,15.00 ,16.52 ,9.08 ,0.00 ,,,
493,华谊兄弟,传播与文化业,深市创业板,创业板,自愿,BB,稳定,"1,318.73 ",40.58 ,10.78 ,18.28 ,6.51 ,5.00 ,,,
494,通策医疗,社会服务业,沪市主板,主板,自愿,BB,积极,未披露,40.56 ,13.59 ,15.29 ,9.18 ,2.50 ,,,
495,会稽山,食品,沪市主板,主板,自愿,BB,稳定,327.00 ,40.55 ,13.83 ,17.93 ,7.89 ,0.89 ,,,
496,新兴铸管,金属,深市主板,主板,自愿,BB,稳定,未披露,40.54 ,15.23 ,16.35 ,8.19 ,0.77 ,,,
497,昆药集团,医药,沪市主板,主板,应规,BB,稳定,未披露,40.50 ,13.83 ,15.64 ,7.99 ,3.04 ,,,
498,永贵电器,电子业,深市创业板,创业板,自愿,BB,稳定,335.54 ,40.46 ,16.41 ,14.94 ,8.49 ,0.63 ,,,
499,河钢股份,金属,深市主板,主板,应规,BB,稳定,未披露,40.44 ,13.83 ,16.70 ,7.89 ,2.02 ,,,
500,南京银行,金融,沪市主板,主板,应规,BB,稳定,"3,626.00 ",40.42 ,11.72 ,17.23 ,6.32 ,5.16 ,,,
501,科陆电子,机械,深市中小板,中小板,自愿,BB,稳定,"11,073.00 ",40.41 ,13.59 ,17.23 ,9.18 ,0.42 ,,,
502,钢研高纳,金属,深市创业板,创业板,自愿,BB,稳定,"-1,220.00 ",40.35 ,15.00 ,16.00 ,8.59 ,0.77 ,,,
503,林洋能源,机械,沪市主板,主板,应规,BB,稳定,107.00 ,40.34 ,14.53 ,17.40 ,7.99 ,0.42 ,,,
504,闽东电力,电力,深市主板,主板,自愿,BB,稳定,未披露,40.34 ,14.06 ,15.29 ,8.49 ,2.50 ,,,
505,绿色动力,社会服务业,沪市主板,主板,自愿,BB,稳定,未披露,40.31 ,11.02 ,18.63 ,8.78 ,1.88 ,,,
506,中材节能,社会服务业,沪市主板,主板,自愿,BB,稳定,272.80 ,40.31 ,12.42 ,17.23 ,8.78 ,1.88 ,,,
507,北陆药业,医药,深市创业板,创业板,自愿,BB,积极,未披露,40.30 ,14.30 ,18.11 ,7.89 ,0.00 ,,,
508,济川药业,医药,沪市主板,主板,应规,BB,稳定,未披露,40.22 ,13.83 ,16.70 ,7.99 ,1.70 ,,,
509,中色股份,采掘业,深市主板,主板,自愿,BB,稳定,"1,687.86 ",40.20 ,13.83 ,17.75 ,7.99 ,0.63 ,,,
510,精功科技,机械,深市中小板,中小板,自愿,BB,稳定,未披露,40.20 ,15.94 ,15.47 ,8.59 ,0.21 ,,,
511,桂东电力,电力,沪市主板,主板,应规,BB,稳定,未披露,40.17 ,11.02 ,17.23 ,8.39 ,3.54 ,,,
512,星云股份,机械,深市创业板,创业板,自愿,BB,稳定,68.00 ,40.17 ,16.88 ,14.59 ,8.29 ,0.42 ,,,
513,杰瑞股份,机械,深市中小板,中小板,自愿,BB,稳定,未披露,40.03 ,13.83 ,16.17 ,8.78 ,1.25 ,,,
514,中国核建,建筑业,沪市主板,主板,应规,BB,消极,615.24 ,40.01 ,11.48 ,18.11 ,9.67 ,0.75 ,,,
515,浔兴股份,其他制造业,深市中小板,中小板,自愿,BB,稳定,960.83 ,40.00 ,13.59 ,16.41 ,10.00 ,-,,,
516,片仔癀,医药,沪市主板,主板,应规,BB,积极,未披露,39.96 ,13.13 ,16.52 ,7.99 ,2.32 ,,,
517,中闽能源,电力,沪市主板,主板,自愿,BB,稳定,"1,129.00 ",39.89 ,15.23 ,14.06 ,8.09 ,2.50 ,,,
518,厦门国贸,批发,沪市主板,主板,应规,BB,稳定,144.69 ,39.89 ,15.70 ,14.77 ,8.88 ,0.54 ,,,
519,中金岭南,金属,深市主板,主板,自愿,BB,稳定,"2,192.00 ",39.86 ,12.89 ,18.11 ,8.09 ,0.77 ,,,
520,芭田股份,石油,深市中小板,中小板,自愿,BB,稳定,未披露,39.81 ,15.23 ,16.00 ,7.89 ,0.68 ,,,
521,紫光股份,信息技术业,深市主板,主板,应规,BB,积极,9.24 ,39.67 ,10.31 ,19.69 ,5.92 ,3.75 ,,,
522,湖北能源,电力,深市主板,主板,自愿,BB,稳定,未披露,39.67 ,13.13 ,16.35 ,7.70 ,2.50 ,,,
523,古越龙山,食品,沪市主板,主板,应规,BB,稳定,未披露,39.63 ,12.19 ,18.46 ,8.09 ,0.89 ,,,
524,江西铜业,金属,沪市主板,主板,应规,BB,稳定,未披露,39.59 ,14.77 ,15.29 ,7.99 ,1.54 ,,,
525,泰达股份,批发,深市主板,主板,自愿,BB,稳定,"2,447.00 ",39.54 ,16.17 ,13.89 ,8.59 ,0.89 ,,,
526,福建水泥,金属,沪市主板,主板,自愿,BB,稳定,309.00 ,39.54 ,10.78 ,18.46 ,7.89 ,2.40 ,,,
527,方正证券,金融,沪市主板,主板,自愿,BB,积极,337.50 ,39.51 ,11.25 ,19.69 ,5.13 ,3.44 ,,,
528,通宝能源,电力,沪市主板,主板,应规,BB,稳定,未披露,39.49 ,13.83 ,14.24 ,8.09 ,3.33 ,,,
529,英力特,石油,深市主板,主板,自愿,BB,稳定,未披露,39.46 ,14.77 ,15.47 ,8.09 ,1.14 ,,,
530,深振业A,房地产业,深市主板,主板,自愿,BB,积极,26.85 ,39.45 ,14.30 ,16.00 ,8.19 ,0.96 ,,,
531,中联重科,机械,深市主板,主板,应规,BB,稳定,874.24 ,39.38 ,11.25 ,19.51 ,7.99 ,0.63 ,,,
532,冠农股份,食品,沪市主板,主板,应规,BB,稳定,未披露,39.24 ,14.53 ,15.12 ,8.88 ,0.71 ,,,
533,华安证券,金融,沪市主板,主板,应规,BB,稳定,94.61 ,39.23 ,11.25 ,18.46 ,6.71 ,2.81 ,,,
534,云铝股份,金属,深市主板,主板,自愿,BB,消极,554.00 ,39.18 ,11.25 ,17.40 ,9.47 ,1.06 ,,,
535,五矿发展,批发,沪市主板,主板,应规,BB,稳定,未披露,39.14 ,15.23 ,14.77 ,7.89 ,1.25 ,,,
536,万和电气,机械,深市中小板,中小板,自愿,BB,稳定,未披露,39.14 ,13.36 ,16.17 ,8.98 ,0.63 ,,,
537,西水股份,金融,沪市主板,主板,自愿,BB,稳定,488.92 ,39.11 ,10.31 ,19.16 ,4.64 ,5.00 ,,,
538,中核钛白,石油,深市中小板,中小板,自愿,BB,稳定,378.00 ,39.10 ,12.42 ,17.05 ,9.18 ,0.45 ,,,
539,欧菲光,电子业,深市中小板,中小板,应规,BB,稳定,未披露,39.06 ,14.30 ,14.24 ,9.28 ,1.25 ,,,
540,伟星股份,纺织,深市中小板,中小板,自愿,BB,稳定,未披露,39.04 ,15.23 ,14.59 ,8.68 ,0.54 ,,,
541,多氟多,石油,深市中小板,中小板,自愿,BB,稳定,未披露,39.04 ,12.89 ,16.52 ,8.49 ,1.14 ,,,
542,江山股份,石油,沪市主板,主板,应规,BB,稳定,未披露,39.02 ,12.19 ,17.93 ,7.99 ,0.91 ,,,
543,瀚叶股份,石油,沪市主板,主板,自愿,BB,稳定,392.00 ,39.00 ,13.83 ,16.00 ,9.18 ,0.00 ,,,
544,健民集团,批发,沪市主板,主板,应规,BB,稳定,未披露,38.90 ,13.13 ,15.82 ,8.88 ,1.07 ,,,
545,蓝焰控股,采掘业,深市主板,主板,自愿,BB,稳定,81.22 ,38.86 ,14.06 ,16.17 ,7.80 ,0.83 ,,,
546,上海新阳,石油,深市创业板,创业板,自愿,BB,稳定,未披露,38.85 ,11.95 ,18.28 ,8.39 ,0.23 ,,,
547,龙江交通,交通运输,沪市主板,主板,自愿,BB,稳定,未披露,38.71 ,13.59 ,14.59 ,9.28 ,1.25 ,,,
548,中航光电,信息技术业,深市中小板,中小板,自愿,BB,稳定,301.91 ,38.62 ,10.78 ,17.58 ,6.51 ,3.75 ,,,
549,上海凯宝,医药,深市创业板,创业板,自愿,BB,稳定,未披露,38.61 ,14.06 ,14.41 ,8.88 ,1.25 ,,,
550,中炬高新,食品,沪市主板,主板,自愿,BB,稳定,未披露,38.60 ,11.25 ,17.93 ,8.88 ,0.54 ,,,
551,巴安水务,电力,深市创业板,创业板,自愿,BB,积极,681.00 ,38.58 ,15.00 ,13.71 ,9.87 ,0.00 ,,,
552,嘉事堂,批发,深市中小板,中小板,自愿,BB,稳定,123.00 ,38.56 ,15.94 ,13.18 ,8.19 ,1.25 ,,,
553,天邦股份,食品,深市中小板,中小板,自愿,BB,稳定,570.61 ,38.49 ,13.13 ,16.88 ,7.60 ,0.89 ,,,
554,海油工程,采掘业,沪市主板,主板,应规,BB,稳定,未披露,38.48 ,13.59 ,16.70 ,8.19 ,0.00 ,,,
555,永高股份,石油,深市中小板,中小板,自愿,BB,稳定,80.00 ,38.43 ,13.13 ,16.52 ,8.78 ,0.00 ,,,
556,东华软件,信息技术业,深市中小板,中小板,应规,BB,稳定,244.67 ,38.43 ,12.66 ,13.71 ,7.89 ,4.17 ,,,
557,宁波港,交通运输,沪市主板,主板,应规,BB,稳定,未皮瘤,38.42 ,13.36 ,13.89 ,7.89 ,3.28 ,,,
558,横店东磁,机械,深市中小板,中小板,自愿,BB,稳定,未披露,38.41 ,14.53 ,15.29 ,8.59 ,0.00 ,,,
559,凯撒旅游,社会服务业,深市主板,主板,自愿,BB,稳定,688.96 ,38.32 ,16.17 ,10.90 ,9.38 ,1.88 ,,,
560,美克家居,批发,沪市主板,主板,应规,BB,积极,未披露,38.31 ,11.02 ,17.58 ,8.29 ,1.43 ,,,
561,上海建工,建筑业,沪市主板,主板,应规,BB,积极,未披露,38.28 ,14.06 ,15.82 ,7.89 ,0.50 ,,,
562,福能股份,电力,沪市主板,主板,应规,BB,稳定,"2,780.00 ",38.21 ,12.89 ,16.70 ,7.99 ,0.63 ,,,
563,国际医学,社会服务业,深市主板,主板,自愿,BB,稳定,"1,050.00 ",38.19 ,13.59 ,13.18 ,8.29 ,3.13 ,,,
564,老板电器,机械,深市中小板,中小板,应规,BB,稳定,未披露,38.18 ,13.59 ,15.29 ,8.88 ,0.42 ,,,
565,安阳钢铁,金属,沪市主板,主板,自愿,BB,稳定,"1,473.58 ",38.18 ,11.48 ,15.82 ,7.80 ,3.08 ,,,
566,妙可蓝多,食品,沪市主板,主板,自愿,BB,稳定,"1,850.00 ",38.15 ,13.59 ,14.77 ,9.08 ,0.71 ,,,
567,苏农银行,金融,沪市主板,主板,应规,BB,积极,10.64 ,38.15 ,13.59 ,15.12 ,6.32 ,3.13 ,,,
568,上海机电,机械,沪市主板,主板,应规,BB,稳定,802.00 ,38.14 ,11.25 ,17.23 ,7.99 ,1.67 ,,,
569,鲁商置业,房地产业,沪市主板,主板,应规,BB,积极,未披露,38.12 ,13.13 ,15.64 ,8.29 ,1.06 ,,,
570,荣安地产,房地产业,深市主板,主板,自愿,BB,稳定,162.00 ,38.11 ,12.19 ,16.00 ,8.49 ,1.44 ,,,
571,南京化纤,石油,沪市主板,主板,应规,BB,积极,未披露,38.09 ,15.23 ,13.36 ,7.80 ,1.70 ,,,
572,中原高速,交通运输,沪市主板,主板,应规,BB,稳定,未披露,38.09 ,11.02 ,15.12 ,7.89 ,4.06 ,,,
573,一汽轿车,机械,深市主板,主板,自愿,BB,稳定,804.00 ,38.02 ,15.94 ,13.18 ,8.49 ,0.42 ,,,
574,新安股份,石油,沪市主板,主板,自愿,BB,稳定,未披露,38.02 ,13.83 ,16.17 ,7.80 ,0.23 ,,,
575,平煤股份,采掘业,沪市主板,主板,自愿,BB,稳定,未披露,38.02 ,13.13 ,16.70 ,8.19 ,0.00 ,,,
576,翠微股份,批发,沪市主板,主板,自愿,BB,稳定,未披露,38.01 ,11.25 ,17.75 ,8.29 ,0.71 ,,,
577,上柴股份,机械,沪市主板,主板,应规,BB,稳定,174.63 ,38.01 ,12.66 ,16.00 ,7.89 ,1.46 ,,,
578,海航投资,房地产业,深市主板,主板,自愿,BB,积极,133.46 ,38.00 ,15.00 ,14.41 ,8.59 ,0.00 ,,,
579,晋西车轴,机械,沪市主板,主板,应规,BB,稳定,348.84 ,37.97 ,11.95 ,17.40 ,7.99 ,0.63 ,,,
580,新天科技,机械,深市创业板,创业板,自愿,BB,稳定,35.72 ,37.95 ,14.77 ,13.36 ,8.78 ,1.04 ,,,
581,太极股份,信息技术业,深市中小板,中小板,自愿,BB,稳定,149.10 ,37.91 ,11.72 ,16.52 ,5.92 ,3.75 ,,,
582,北京银行,金融,沪市主板,主板,应规,BB,消极,未披露,37.86 ,11.72 ,16.70 ,6.32 ,3.13 ,,,
583,金地集团,房地产业,沪市主板,主板,应规,BB,稳定,未披露,37.83 ,12.66 ,14.94 ,8.88 ,1.35 ,,,
584,广安爱众,电力,沪市主板,主板,自愿,BB,稳定,未披露,37.79 ,12.89 ,15.47 ,8.39 ,1.04 ,,,
585,国药股份,批发,沪市主板,主板,应规,BB,稳定,未披露,37.78 ,10.08 ,18.63 ,7.99 ,1.07 ,,,
586,航天机电,电子业,沪市主板,主板,应规,BB,稳定,"1,404.00 ",37.76 ,14.30 ,15.47 ,7.99 ,0.00 ,,,
587,晨光文具,其他制造业,沪市主板,主板,自愿,BB,稳定,未披露,37.75 ,12.19 ,15.04 ,10.53 ,-,,,
588,酒钢宏兴,金属,沪市主板,主板,自愿,BB,稳定,806.85 ,37.73 ,13.36 ,14.06 ,8.09 ,2.21 ,,,
589,漳州发展,批发,深市主板,主板,自愿,BB,稳定,未披露,37.70 ,12.66 ,15.29 ,8.68 ,1.07 ,,,
590,宏达高科,纺织,深市中小板,中小板,自愿,BB,稳定,92.13 ,37.62 ,11.72 ,16.70 ,8.49 ,0.71 ,,,
591,万达电影,传播与文化业,深市中小板,中小板,应规,BB,积极,未披露,37.60 ,9.84 ,17.23 ,5.53 ,5.00 ,,,
592,宇通客车,机械,沪市主板,主板,应规,BB,稳定,"1,295.00 ",37.57 ,10.31 ,18.63 ,7.80 ,0.83 ,,,
593,北方国际,建筑业,深市主板,主板,自愿,BB,积极,"2,301.00 ",37.53 ,13.13 ,15.29 ,8.49 ,0.63 ,,,
594,西部矿业,采掘业,沪市主板,主板,应规,BB,稳定,589.17 ,37.53 ,13.83 ,13.54 ,8.29 ,1.88 ,,,
595,许继电气,机械,深市主板,主板,自愿,BB,稳定,未披露,37.51 ,14.06 ,14.41 ,7.99 ,1.04 ,,,
596,华泰股份,造纸,沪市主板,主板,应规,BB,稳定,200.00 ,37.50 ,12.89 ,15.47 ,7.89 ,1.25 ,,,
597,易德龙,电子业,沪市主板,主板,自愿,BB,稳定,未披露,37.41 ,14.06 ,14.24 ,8.49 ,0.63 ,,,
598,中设集团,社会服务业,沪市主板,主板,应规,BB,稳定,未披露,37.41 ,14.30 ,15.12 ,7.99 ,0.00 ,,,
599,科达洁能,机械,沪市主板,主板,应规,BB,积极,396.17 ,37.38 ,12.42 ,15.82 ,8.09 ,1.04 ,,,
600,昊华能源,采掘业,沪市主板,主板,应规,BB,稳定,未披露,37.37 ,8.44 ,17.40 ,7.99 ,3.54 ,,,
601,康泰生物,医药,深市创业板,创业板,应规,BB,稳定,826.00 ,37.37 ,13.36 ,14.94 ,7.11 ,1.96 ,,,
602,三峡水利,电力,沪市主板,主板,应规,BB,稳定,未披露,37.37 ,11.95 ,15.47 ,8.49 ,1.46 ,,,
603,滨江集团,房地产业,深市中小板,中小板,自愿,BB,积极,214.00 ,37.36 ,13.36 ,14.94 ,8.19 ,0.87 ,,,
604,新华文轩,传播与文化业,沪市主板,主板,自愿,BB,稳定,"1,217.00 ",37.35 ,12.19 ,15.82 ,4.34 ,5.00 ,,,
605,龙溪股份,机械,沪市主板,主板,自愿,BB,稳定,未披露,37.28 ,13.59 ,14.77 ,8.09 ,0.83 ,,,
606,士兰微,电子业,沪市主板,主板,应规,BB,积极,87.75 ,37.27 ,13.59 ,15.29 ,8.39 ,0.00 ,,,
607,延华智能,信息技术业,深市中小板,中小板,自愿,BB,稳定,170.00 ,37.27 ,12.66 ,16.52 ,6.22 ,1.88 ,,,
608,飞亚达A,批发,深市主板,主板,自愿,BB,积极,未披露,37.21 ,11.25 ,16.88 ,8.19 ,0.89 ,,,
609,惠泉啤酒,食品,沪市主板,主板,自愿,BB,稳定,183.84 ,37.20 ,12.66 ,14.94 ,7.99 ,1.61 ,,,
610,游族网络,信息技术业,深市中小板,中小板,自愿,BB,稳定,未披露,37.18 ,15.94 ,10.55 ,6.32 ,4.38 ,,,
611,罗牛山,农,深市主板,主板,自愿,BB,稳定,未披露,37.10 ,12.66 ,14.77 ,8.59 ,1.09 ,,,
612,安洁科技,电子业,深市中小板,中小板,自愿,BB,稳定,未披露,37.08 ,14.77 ,13.01 ,8.68 ,0.63 ,,,
613,兰花科创,采掘业,沪市主板,主板,应规,BB,稳定,547.49 ,37.02 ,12.42 ,16.70 ,7.89 ,0.00 ,,,
614,欧普照明,机械,沪市主板,主板,自愿,BB,稳定,"1,081.00 ",36.99 ,12.42 ,16.88 ,7.70 ,0.00 ,,,
615,索菲亚,木材,深市中小板,中小板,应规,BB,积极,899.23 ,36.97 ,11.25 ,15.47 ,8.68 ,1.56 ,,,
616,南京证券,金融,沪市主板,主板,自愿,BB,稳定,未披露,36.96 ,9.38 ,18.46 ,6.32 ,2.81 ,,,
617,开滦股份,石油,沪市主板,主板,应规,BB,稳定,"66,620.00 ",36.94 ,11.72 ,16.88 ,7.89 ,0.45 ,,,
618,华电能源,电力,沪市主板,主板,自愿,BB,稳定,"1,614.00 ",36.89 ,11.95 ,13.71 ,7.89 ,3.33 ,,,
619,华微电子,电子业,沪市主板,主板,应规,BB,稳定,未披露,36.85 ,13.13 ,14.59 ,8.09 ,1.04 ,,,
620,新潮能源,综合类,沪市主板,主板,自愿,BB,积极,未披露,36.83 ,12.89 ,13.67 ,10.26 ,-,,,
621,古井贡酒,食品,深市主板,主板,自愿,BB,稳定,600.75 ,36.80 ,14.53 ,13.36 ,8.19 ,0.71 ,,,
622,思特奇,信息技术业,深市创业板,创业板,自愿,BB,积极,"1,695.00 ",36.78 ,10.78 ,17.58 ,5.92 ,2.50 ,,,
623,*ST大唐,信息技术业,沪市主板,主板,自愿,BB,积极,未披露,36.77 ,9.38 ,17.75 ,6.51 ,3.13 ,,,
624,绿康生化,医药,深市中小板,中小板,自愿,BB,稳定,未披露,36.73 ,13.83 ,14.77 ,7.60 ,0.54 ,,,
625,重庆钢铁,金属,沪市主板,主板,自愿,BB,积极,未披露,36.71 ,11.95 ,14.94 ,7.89 ,1.92 ,,,
626,易事特,机械,深市创业板,创业板,自愿,BB,稳定,"1,788.00 ",36.71 ,14.06 ,14.06 ,8.59 ,0.00 ,,,
627,老百姓,批发,沪市主板,主板,应规,BB,稳定,未披露,36.69 ,13.83 ,13.54 ,7.89 ,1.43 ,,,
628,华远地产,房地产业,沪市主板,主板,应规,BB,积极,未披露,36.66 ,12.89 ,15.29 ,7.99 ,0.48 ,,,
629,吉林敖东,医药,深市主板,主板,自愿,BB,积极,749.96 ,36.63 ,12.19 ,16.17 ,8.09 ,0.18 ,,,
630,内蒙一机,机械,沪市主板,主板,自愿,BB,稳定,"93,518.79 ",36.63 ,12.89 ,14.77 ,7.30 ,1.67 ,,,
631,厦门信达,批发,深市主板,主板,自愿,BB,稳定,未披露,36.53 ,13.83 ,13.54 ,8.09 ,1.07 ,,,
632,富邦股份,石油,深市创业板,创业板,自愿,BB,稳定,未披露,36.51 ,11.72 ,16.00 ,8.68 ,0.11 ,,,
633,界龙实业,造纸,沪市主板,主板,自愿,BB,积极,65.41 ,36.51 ,13.13 ,14.24 ,7.89 ,1.25 ,,,
634,钱江水利,电力,沪市主板,主板,自愿,BB,稳定,未披露,36.50 ,11.95 ,15.82 ,7.89 ,0.83 ,,,
635,盐田港,交通运输,深市主板,主板,自愿,BB,稳定,57.98 ,36.45 ,13.59 ,12.30 ,7.89 ,2.66 ,,,
636,立讯精密,信息技术业,深市中小板,中小板,应规,BB,积极,未披露,36.43 ,12.19 ,15.82 ,5.92 ,2.50 ,,,
637,川投能源,电力,沪市主板,主板,应规,BB,稳定,"2,722.63 ",36.39 ,14.06 ,13.01 ,8.49 ,0.83 ,,,
638,洛阳玻璃,金属,沪市主板,主板,自愿,BB,稳定,"3,570.00 ",36.33 ,12.66 ,13.18 ,7.99 ,2.50 ,,,
639,百合花,石油,沪市主板,主板,自愿,BB,稳定,未披露,36.32 ,10.55 ,16.70 ,7.60 ,1.48 ,,,
640,吉林高速,交通运输,沪市主板,主板,自愿,BB,积极,189.54 ,36.31 ,10.55 ,15.12 ,7.99 ,2.66 ,,,
641,海信电器,电子业,沪市主板,主板,应规,BB,积极,241.00 ,36.27 ,12.19 ,15.47 ,7.99 ,0.63 ,,,
642,东兴证券,金融,沪市主板,主板,自愿,BB,积极,未披露,36.24 ,9.84 ,17.40 ,4.93 ,4.06 ,,,
643,中航飞机,机械,深市主板,主板,应规,BB,积极,"1,008.00 ",36.24 ,14.06 ,13.36 ,8.19 ,0.63 ,,,
644,海亮股份,金属,深市中小板,中小板,自愿,BB,稳定,未披露,36.22 ,14.53 ,12.83 ,7.80 ,1.06 ,,,
645,中恒集团,医药,沪市主板,主板,自愿,BB,积极,908.79 ,36.14 ,12.66 ,14.59 ,8.09 ,0.80 ,,,
646,一汽夏利,机械,深市主板,主板,自愿,BB,稳定,613.00 ,36.07 ,12.89 ,14.77 ,7.99 ,0.42 ,,,
647,东百集团,批发,沪市主板,主板,自愿,BB-,稳定,未披露,35.94 ,13.59 ,13.18 ,8.09 ,1.07 ,,,
648,安信信托,金融,沪市主板,主板,自愿,BB-,消极,261.99 ,35.92 ,12.89 ,14.41 ,6.12 ,2.50 ,,,
649,岳阳兴长,石油,深市主板,主板,自愿,BB-,积极,未披露,35.91 ,14.30 ,13.01 ,7.70 ,0.91 ,,,
650,宏润建设,建筑业,深市中小板,中小板,自愿,BB-,积极,52.07 ,35.85 ,10.78 ,17.05 ,7.89 ,0.13 ,,,
651,东方园林,建筑业,深市中小板,中小板,应规,BB-,稳定,300.00 ,35.79 ,13.83 ,13.18 ,8.78 ,0.00 ,,,
652,保龄宝,食品,深市中小板,中小板,自愿,BB-,稳定,未披露,35.75 ,13.59 ,13.01 ,7.89 ,1.25 ,,,
653,旗滨集团,金属,沪市主板,主板,自愿,BB-,稳定,42.95 ,35.72 ,13.59 ,13.36 ,7.99 ,0.77 ,,,
654,常熟银行,金融,沪市主板,主板,应规,BB-,稳定,"1,213.80 ",35.61 ,10.55 ,14.24 ,7.70 ,3.13 ,,,
655,北矿科技,电子业,沪市主板,主板,应规,BB-,积极,"1,486.00 ",35.59 ,14.77 ,12.83 ,7.99 ,0.00 ,,,
656,紫江企业,石油,沪市主板,主板,应规,BB-,稳定,33.87 ,35.54 ,11.48 ,15.47 ,8.59 ,0.00 ,,,
657,江河集团,建筑业,沪市主板,主板,自愿,BB-,积极,268.00 ,35.53 ,12.19 ,15.64 ,7.70 ,0.00 ,,,
658,金螳螂,建筑业,深市中小板,中小板,应规,BB-,积极,609.00 ,35.50 ,12.89 ,14.41 ,7.70 ,0.50 ,,,
659,三聚环保,石油,深市创业板,创业板,应规,BB-,稳定,"2,123.00 ",35.48 ,11.25 ,15.29 ,8.49 ,0.45 ,,,
660,天赐材料,石油,深市中小板,中小板,自愿,BB-,积极,未披露,35.47 ,12.42 ,13.54 ,7.70 ,1.82 ,,,
661,易成新能,金属,深市创业板,创业板,自愿,BB-,稳定,未披露,35.45 ,15.00 ,10.90 ,8.78 ,0.77 ,,,
662,纽威股份,机械,沪市主板,主板,自愿,BB-,稳定,未披露,35.44 ,13.83 ,12.30 ,8.68 ,0.63 ,,,
663,鲁信创投,综合类,沪市主板,主板,应规,BB-,积极,未披露,35.36 ,13.83 ,10.35 ,11.18 ,-,,,
664,江苏银行,金融,沪市主板,主板,应规,BB-,消极,未披露,35.34 ,10.78 ,14.41 ,5.92 ,4.22 ,,,
665,北巴传媒,传播与文化业,沪市主板,主板,应规,BB-,积极,"13,065.00 ",35.33 ,9.38 ,15.47 ,6.32 ,4.17 ,,,
666,海信家电,机械,深市主板,主板,自愿,BB-,稳定,103.00 ,35.28 ,7.50 ,17.58 ,7.70 ,2.50 ,,,
667,中航沈飞,机械,沪市主板,主板,自愿,BB-,稳定,未披露,35.26 ,11.72 ,15.12 ,7.80 ,0.63 ,,,
668,西山煤电,采掘业,深市主板,主板,应规,BB-,积极,未披露,35.23 ,12.19 ,13.89 ,7.70 ,1.46 ,,,
669,上海莱士,医药,深市中小板,中小板,应规,BB-,稳定,未披露,35.19 ,12.89 ,12.66 ,8.49 ,1.16 ,,,
670,莫高股份,食品,沪市主板,主板,自愿,BB-,积极,"-1,518.00 ",35.13 ,15.00 ,11.43 ,7.99 ,0.71 ,,,
671,申华控股,批发,沪市主板,主板,自愿,BB-,稳定,未披露,35.06 ,12.19 ,13.18 ,8.19 ,1.50 ,,,
672,用友网络,信息技术业,沪市主板,主板,应规,BB-,积极,未披露,35.06 ,11.72 ,14.06 ,5.53 ,3.75 ,,,
673,上海电影,传播与文化业,沪市主板,主板,自愿,BB-,稳定,未披露,35.05 ,8.91 ,15.47 ,6.51 ,4.17 ,,,
674,北方导航,信息技术业,沪市主板,主板,应规,BB-,积极,234.94 ,35.05 ,11.25 ,16.17 ,5.13 ,2.50 ,,,
675,双成药业,医药,深市中小板,中小板,自愿,BB-,稳定,未披露,35.02 ,12.89 ,13.54 ,7.70 ,0.89 ,,,
676,上海能源,采掘业,沪市主板,主板,应规,B+,稳定,未披露,34.98 ,7.73 ,18.11 ,7.89 ,1.25 ,,,
677,扬农化工,石油,沪市主板,主板,应规,B+,稳定,未披露,34.89 ,11.48 ,13.01 ,7.89 ,2.50 ,,,
678,阳光城,房地产业,深市主板,主板,自愿,B+,稳定,895.00 ,34.84 ,15.23 ,11.43 ,7.80 ,0.38 ,,,
679,海印股份,社会服务业,深市主板,主板,自愿,B+,稳定,未披露,34.81 ,13.59 ,11.25 ,8.09 ,1.88 ,,,
680,涪陵电力,电力,沪市主板,主板,应规,B+,稳定,未披露,34.78 ,11.95 ,13.89 ,7.89 ,1.04 ,,,
681,申能股份,电力,沪市主板,主板,应规,B+,消极,348.72 ,34.69 ,10.78 ,13.01 ,8.19 ,2.71 ,,,
682,圣济堂,医药,沪市主板,主板,自愿,B+,稳定,"1,826.00 ",34.67 ,10.31 ,15.64 ,8.09 ,0.63 ,,,
683,航天发展,信息技术业,深市主板,主板,自愿,B+,稳定,198.00 ,34.67 ,10.78 ,15.47 ,5.92 ,2.50 ,,,
684,金钼股份,采掘业,沪市主板,主板,应规,B+,消极,448.00 ,34.57 ,11.95 ,13.18 ,8.39 ,1.04 ,,,
685,松芝股份,机械,深市中小板,中小板,自愿,B+,稳定,未披露,34.54 ,11.48 ,14.59 ,7.01 ,1.46 ,,,
686,机器人,机械,深市创业板,创业板,应规,B+,消极,未披露,34.52 ,13.36 ,12.48 ,8.68 ,0.00 ,,,
687,张裕A,食品,深市主板,主板,自愿,B+,稳定,未披露,34.52 ,11.25 ,14.94 ,7.80 ,0.54 ,,,
688,雪人股份,机械,深市中小板,中小板,自愿,B+,稳定,未披露,34.47 ,12.19 ,13.01 ,9.28 ,0.00 ,,,
689,北方稀土,金属,沪市主板,主板,自愿,B+,消极,未披露,34.35 ,10.55 ,14.94 ,8.09 ,0.77 ,,,
690,山东路桥,建筑业,深市主板,主板,自愿,B+,稳定,584.00 ,34.30 ,12.89 ,11.43 ,8.98 ,1.00 ,,,
691,ST云维,石油,沪市主板,主板,自愿,B+,稳定,未披露,34.29 ,15.94 ,9.32 ,8.59 ,0.45 ,,,
692,中材国际,建筑业,沪市主板,主板,自愿,B+,消极,13.00 ,34.25 ,8.20 ,16.00 ,9.18 ,0.88 ,,,
693,闽发铝业,金属,深市中小板,中小板,自愿,B+,稳定,"1,368.00 ",34.25 ,11.95 ,13.54 ,7.99 ,0.77 ,,,
694,赛轮轮胎,石油,沪市主板,主板,应规,B+,消极,未披露,34.24 ,11.02 ,13.71 ,8.49 ,1.02 ,,,
695,天桥起重,机械,深市中小板,中小板,自愿,B+,消极,668.13 ,34.20 ,11.95 ,13.01 ,7.99 ,1.25 ,,,
696,长园集团,信息技术业,沪市主板,主板,自愿,B+,消极,106.90 ,34.16 ,10.31 ,15.82 ,5.53 ,2.50 ,,,
697,太阳电缆,机械,深市中小板,中小板,自愿,B+,稳定,未披露,34.12 ,11.95 ,13.54 ,7.80 ,0.83 ,,,
698,苏州固锝,电子业,深市中小板,中小板,自愿,B+,消极,未披露,34.12 ,13.36 ,11.95 ,8.39 ,0.42 ,,,
699,亿利洁能,石油,沪市主板,主板,自愿,B+,稳定,132.21 ,34.05 ,12.89 ,12.13 ,7.89 ,1.14 ,,,
700,豫光金铅,金属,沪市主板,主板,应规,B,消极,未披露,33.96 ,10.78 ,14.41 ,7.99 ,0.77 ,,,
701,贵人鸟,纺织,沪市主板,主板,自愿,B,稳定,未披露,33.93 ,12.19 ,12.66 ,8.19 ,0.89 ,,,
702,海欣食品,食品,深市中小板,中小板,自愿,B,稳定,未披露,33.88 ,11.72 ,12.66 ,7.89 ,1.61 ,,,
703,茶花股份,石油,沪市主板,主板,自愿,B,稳定,未披露,33.83 ,11.72 ,13.89 ,7.99 ,0.23 ,,,
704,百利电气,机械,沪市主板,主板,应规,B,稳定,未披露,33.82 ,14.53 ,10.37 ,8.29 ,0.63 ,,,
705,雪峰科技,石油,沪市主板,主板,自愿,B,稳定,47.13 ,33.79 ,11.72 ,13.01 ,7.70 ,1.36 ,,,
706,众合科技,机械,深市主板,主板,自愿,B,稳定,未披露,33.78 ,13.13 ,11.95 ,8.29 ,0.42 ,,,
707,山西证券,金融,深市中小板,中小板,自愿,B,稳定,未披露,33.76 ,10.78 ,13.54 ,6.32 ,3.13 ,,,
708,泸州老窖,食品,深市主板,主板,应规,B,稳定,未披露,33.74 ,12.42 ,13.18 ,7.60 ,0.54 ,,,
709,元力股份,石油,深市创业板,创业板,自愿,B,稳定,未披露,33.71 ,10.55 ,15.47 ,7.70 ,0.00 ,,,
710,恒为科技,信息技术业,沪市主板,主板,自愿,B,稳定,82.64 ,33.69 ,9.38 ,16.52 ,5.92 ,1.88 ,,,
711,浙大网新,信息技术业,沪市主板,主板,应规,B,稳定,未披露,33.66 ,9.84 ,14.77 ,5.92 ,3.13 ,,,
712,中航资本,金融,沪市主板,主板,自愿,B,积极,176.59 ,33.60 ,11.25 ,14.24 ,4.05 ,4.06 ,,,
713,天马科技,食品,沪市主板,主板,应规,B,稳定,未披露,33.58 ,14.06 ,11.60 ,7.20 ,0.71 ,,,
714,湖南黄金,采掘业,深市中小板,中小板,自愿,B,消极,未披露,33.56 ,11.02 ,14.94 ,7.60 ,0.00 ,,,
715,全柴动力,机械,沪市主板,主板,自愿,B,稳定,270.41 ,33.52 ,10.31 ,13.89 ,8.49 ,0.83 ,,,
716,风神股份,石油,沪市主板,主板,自愿,B,稳定,39.68 ,33.52 ,13.36 ,12.66 ,7.50 ,0.00 ,,,
717,兴发集团,石油,沪市主板,主板,应规,B,稳定,未披露,33.46 ,11.48 ,12.13 ,9.28 ,0.57 ,,,
718,铜陵有色,金属,深市主板,主板,自愿,B,稳定,未披露,33.45 ,8.44 ,16.35 ,7.89 ,0.77 ,,,
719,远光软件,信息技术业,深市中小板,中小板,自愿,B,消极,709.00 ,33.43 ,11.25 ,13.36 ,6.32 ,2.50 ,,,
720,赣粤高速,交通运输,沪市主板,主板,应规,B,稳定,194.70 ,33.39 ,9.84 ,14.06 ,8.39 ,1.09 ,,,
721,华谊集团,石油,沪市主板,主板,自愿,B,消极,"1,168.00 ",33.38 ,11.72 ,13.54 ,7.89 ,0.23 ,,,
722,网宿科技,信息技术业,深市创业板,创业板,应规,B,稳定,"1,807.10 ",33.34 ,10.78 ,14.77 ,5.92 ,1.88 ,,,
723,空港股份,建筑业,沪市主板,主板,应规,B,稳定,804.15 ,33.31 ,10.55 ,14.06 ,7.70 ,1.00 ,,,
724,苏州高新,房地产业,沪市主板,主板,自愿,B,稳定,未披露,33.29 ,12.89 ,12.30 ,8.09 ,0.00 ,,,
725,苏盐井神,石油,沪市主板,主板,自愿,B,稳定,611.00 ,33.27 ,11.48 ,13.89 ,7.89 ,0.00 ,,,
726,梅花生物,食品,沪市主板,主板,自愿,B,稳定,未披露,33.26 ,10.08 ,14.06 ,8.59 ,0.54 ,,,
727,航天信息,信息技术业,沪市主板,主板,应规,B,稳定,"1,020.07 ",33.23 ,10.31 ,15.12 ,5.92 ,1.88 ,,,
728,海澜之家,纺织,沪市主板,主板,自愿,B,稳定,未披露,33.17 ,12.42 ,12.66 ,8.09 ,0.00 ,,,
729,汇鸿集团,批发,沪市主板,主板,自愿,B,消极,未披露,33.17 ,13.83 ,10.02 ,8.78 ,0.54 ,,,
730,华能国际,电力,沪市主板,主板,应规,B,稳定,"1,201.57 ",33.10 ,12.66 ,9.84 ,7.89 ,2.71 ,,,
731,中原环保,电力,深市主板,主板,自愿,B,稳定,未披露,33.08 ,13.13 ,12.13 ,7.20 ,0.63 ,,,
732,亚泰集团,金属,沪市主板,主板,自愿,B,稳定,未披露,33.06 ,11.72 ,11.43 ,7.80 ,2.12 ,,,
733,舍得酒业,食品,沪市主板,主板,应规,B,消极,-197.32 ,33.03 ,12.66 ,12.30 ,7.89 ,0.18 ,,,
734,中青旅,社会服务业,沪市主板,主板,应规,B,稳定,未披露,33.01 ,8.67 ,13.54 ,7.99 ,2.81 ,,,
735,神火股份,金属,深市主板,主板,自愿,B,稳定,未披露,32.96 ,11.72 ,12.48 ,7.99 ,0.77 ,,,
736,广晟有色,采掘业,沪市主板,主板,自愿,B,消极,未披露,32.91 ,10.78 ,13.18 ,7.70 ,1.25 ,,,
737,华工科技,信息技术业,深市主板,主板,自愿,B,稳定,未披露,32.87 ,10.78 ,14.06 ,5.53 ,2.50 ,,,
738,华映科技,信息技术业,深市主板,主板,自愿,B,稳定,未披露,32.87 ,10.78 ,14.06 ,5.53 ,2.50 ,,,
739,爱建集团,金融,沪市主板,主板,自愿,B,消极,未披露,32.86 ,8.91 ,16.00 ,4.84 ,3.13 ,,,
740,*ST雏鹰,农,深市中小板,中小板,自愿,B,稳定,"1,108.00 ",32.85 ,14.53 ,9.84 ,7.70 ,0.78 ,,,
741,无锡银行,金融,沪市主板,主板,自愿,B,消极,未披露,32.81 ,11.72 ,12.30 ,5.03 ,3.75 ,,,
742,银座股份,批发,沪市主板,主板,应规,B,稳定,未披露,32.76 ,10.78 ,13.01 ,7.89 ,1.07 ,,,
743,福晶科技,电子业,深市中小板,中小板,自愿,B,稳定,未披露,32.72 ,11.48 ,13.01 ,7.60 ,0.63 ,,,
744,华发股份,房地产业,沪市主板,主板,应规,B,稳定,未披露,32.66 ,13.59 ,11.07 ,7.99 ,0.00 ,,,
745,诺德股份,金属,沪市主板,主板,自愿,B,稳定,"2,284.00 ",32.65 ,12.89 ,10.90 ,8.09 ,0.77 ,,,
746,厦门钨业,金属,沪市主板,主板,应规,B,稳定,97.22 ,32.65 ,8.67 ,15.12 ,7.89 ,0.96 ,,,
747,白云机场,交通运输,沪市主板,主板,应规,B,稳定,499.00 ,32.60 ,9.38 ,12.83 ,7.89 ,2.50 ,,,
748,天药股份,医药,沪市主板,主板,应规,B,积极,未披露,32.58 ,12.66 ,11.60 ,7.70 ,0.63 ,,,
749,凤竹纺织,纺织,沪市主板,主板,自愿,B,稳定,未披露,32.57 ,9.61 ,13.01 ,7.99 ,1.96 ,,,
750,祥源文化,传播与文化业,沪市主板,主板,自愿,B,稳定,未披露,32.56 ,9.38 ,12.30 ,6.71 ,4.17 ,,,
751,玲珑轮胎,石油,沪市主板,主板,自愿,B,消极,"1,295.00 ",32.53 ,13.36 ,10.72 ,7.99 ,0.45 ,,,
752,中南建设,房地产业,深市主板,主板,自愿,B,积极,未披露,32.52 ,8.67 ,15.47 ,7.99 ,0.38 ,,,
753,光电股份,机械,沪市主板,主板,自愿,B,稳定,未披露,32.52 ,12.19 ,10.72 ,7.11 ,2.50 ,,,
754,万向钱潮,机械,深市主板,主板,自愿,B,消极,未披露,32.50 ,11.72 ,11.95 ,7.99 ,0.83 ,,,
755,浙数文化,信息技术业,沪市主板,主板,应规,B,稳定,未披露,32.48 ,9.38 ,14.06 ,5.92 ,3.13 ,,,
756,新和成,医药,深市中小板,中小板,应规,B,积极,未披露,32.35 ,11.02 ,13.54 ,7.80 ,0.00 ,,,
757,黑牡丹,房地产业,沪市主板,主板,应规,B,稳定,未披露,32.26 ,15.47 ,9.49 ,7.30 ,0.00 ,,,
758,江淮汽车,机械,沪市主板,主板,自愿,B,稳定,661.79 ,32.23 ,12.19 ,11.95 ,8.09 ,0.00 ,,,
759,汉威科技,机械,深市创业板,创业板,自愿,B,稳定,未披露,32.21 ,15.47 ,9.14 ,7.60 ,0.00 ,,,
760,中信建投,金融,沪市主板,主板,应规,B,稳定,未披露,32.20 ,8.44 ,16.00 ,4.64 ,3.13 ,,,
761,大连港,交通运输,沪市主板,主板,自愿,B,稳定,未披露,32.19 ,8.67 ,12.83 ,7.40 ,3.28 ,,,
762,九牧王,纺织,沪市主板,主板,自愿,B,稳定,未披露,32.17 ,12.42 ,11.95 ,7.80 ,0.00 ,,,
763,卧龙地产,房地产业,沪市主板,主板,应规,B,稳定,未披露,32.16 ,9.84 ,13.36 ,7.89 ,1.06 ,,,
764,保变电气,机械,沪市主板,主板,自愿,B,消极,576.85 ,32.14 ,13.59 ,10.02 ,7.70 ,0.83 ,,,
765,东风股份,造纸,沪市主板,主板,应规,B,稳定,未披露,32.09 ,13.59 ,10.90 ,7.60 ,0.00 ,,,
766,菲达环保,机械,沪市主板,主板,自愿,B,消极,未披露,31.97 ,10.31 ,13.54 ,7.50 ,0.63 ,,,
767,新野纺织,纺织,深市中小板,中小板,自愿,B,稳定,未披露,31.97 ,11.72 ,11.78 ,7.40 ,1.07 ,,,
768,摩登大道,纺织,深市中小板,中小板,自愿,B,消极,386.46 ,31.95 ,12.19 ,11.07 ,8.68 ,0.00 ,,,
769,嘉化能源,石油,沪市主板,主板,应规,B,稳定,未披露,31.93 ,10.31 ,13.01 ,7.70 ,0.91 ,,,
770,曙光股份,机械,沪市主板,主板,应规,B,稳定,"1,100.18 ",31.92 ,10.55 ,13.36 ,7.60 ,0.42 ,,,
771,豪迈科技,机械,深市中小板,中小板,自愿,B,稳定,-128.14 ,31.92 ,11.72 ,12.30 ,7.89 ,0.00 ,,,
772,福建高速,交通运输,沪市主板,主板,应规,B,稳定,未披露,31.82 ,13.13 ,10.20 ,7.40 ,1.09 ,,,
773,四方达,金属,深市创业板,创业板,自愿,B,稳定,未披露,31.71 ,13.13 ,10.02 ,7.80 ,0.77 ,,,
774,南洋股份,机械,深市中小板,中小板,自愿,B,稳定,未披露,31.71 ,11.72 ,11.25 ,7.70 ,1.04 ,,,
775,歌华有线,传播与文化业,沪市主板,主板,应规,B,消极,未披露,31.70 ,9.84 ,14.24 ,3.45 ,4.17 ,,,
776,方大特钢,金属,沪市主板,主板,应规,B,稳定,694.00 ,31.57 ,11.25 ,11.07 ,7.99 ,1.25 ,,,
777,永利股份,石油,深市创业板,创业板,自愿,B,稳定,"2,927.00 ",31.56 ,12.42 ,12.13 ,7.01 ,0.00 ,,,
778,中科曙光,信息技术业,沪市主板,主板,自愿,B,稳定,未披露,31.51 ,7.97 ,15.12 ,5.92 ,2.50 ,,,
779,达安基因,医药,深市中小板,中小板,自愿,B,积极,431.00 ,31.38 ,12.89 ,10.20 ,8.29 ,0.00 ,,,
780,华兰生物,医药,深市中小板,中小板,应规,B,积极,未披露,31.33 ,11.48 ,11.95 ,7.89 ,0.00 ,,,
781,永悦科技,石油,沪市主板,主板,自愿,B,稳定,未披露,31.31 ,11.25 ,10.90 ,7.80 ,1.36 ,,,
782,恒丰纸业,造纸,沪市主板,主板,自愿,B,消极,37.40 ,31.26 ,10.08 ,12.30 ,8.88 ,0.00 ,,,
783,西宁特钢,金属,沪市主板,主板,应规,B,稳定,未披露,31.26 ,11.48 ,10.72 ,7.99 ,1.06 ,,,
784,轴研科技,机械,深市中小板,中小板,自愿,B,稳定,未披露,31.16 ,11.25 ,11.60 ,7.89 ,0.42 ,,,
785,中能电气,机械,深市创业板,创业板,自愿,B,稳定,未披露,31.14 ,13.59 ,10.02 ,7.11 ,0.42 ,,,
786,东方财富,信息技术业,深市创业板,创业板,应规,B,稳定,未披露,31.12 ,10.78 ,12.48 ,4.74 ,3.13 ,,,
787,海南矿业,采掘业,沪市主板,主板,自愿,B,稳定,959.00 ,31.01 ,13.36 ,9.32 ,7.50 ,0.83 ,,,
788,博汇纸业,造纸,沪市主板,主板,自愿,B,稳定,未披露,31.00 ,12.66 ,9.84 ,7.50 ,1.00 ,,,
789,福莱特,金属,沪市主板,主板,自愿,B,稳定,未披露,30.96 ,2.81 ,16.88 ,8.29 ,2.98 ,,,
790,瑞贝卡,纺织,沪市主板,主板,应规,B,稳定,未披露,30.95 ,11.72 ,10.90 ,7.80 ,0.54 ,,,
791,国投资本,金融,沪市主板,主板,应规,B,稳定,234.16 ,30.95 ,9.38 ,12.66 ,6.41 ,2.50 ,,,
792,申万宏源,金融,深市主板,主板,应规,B,稳定,"1,679.46 ",30.95 ,9.84 ,14.06 ,4.54 ,2.50 ,,,
793,国星光电,电子业,深市中小板,中小板,自愿,B,稳定,未披露,30.88 ,11.25 ,12.13 ,7.50 ,0.00 ,,,
794,美邦服饰,纺织,深市中小板,中小板,自愿,B,稳定,未披露,30.83 ,11.48 ,11.25 ,8.09 ,0.00 ,,,
795,璞泰来,机械,沪市主板,主板,自愿,B,积极,未披露,30.81 ,9.14 ,13.36 ,7.89 ,0.42 ,,,
796,分众传媒,社会服务业,深市中小板,中小板,应规,B,稳定,451.00 ,30.71 ,11.48 ,10.90 ,7.70 ,0.63 ,,,
797,西藏矿业,采掘业,深市主板,主板,自愿,B,稳定,"5,822.97 ",30.64 ,8.20 ,13.71 ,7.89 ,0.83 ,,,
798,福日电子,批发,沪市主板,主板,自愿,B,稳定,未披露,30.62 ,12.19 ,10.02 ,7.70 ,0.71 ,,,
799,林州重机,机械,深市中小板,中小板,自愿,B,稳定,未披露,30.61 ,11.95 ,10.55 ,7.70 ,0.42 ,,,
800,贵阳银行,金融,沪市主板,主板,自愿,B,消极,未披露,30.61 ,8.67 ,13.54 ,6.22 ,2.19 ,,,
801,动力源,信息技术业,沪市主板,主板,应规,B,稳定,"5,137.00 ",30.60 ,8.91 ,14.06 ,5.13 ,2.50 ,,,
802,电子城,房地产业,沪市主板,主板,应规,B,积极,未披露,30.53 ,13.59 ,9.14 ,7.80 ,0.00 ,,,
803,天广中茂,机械,深市中小板,中小板,自愿,B,稳定,396.64 ,30.45 ,10.08 ,11.43 ,7.70 ,1.25 ,,,
804,宋都股份,房地产业,沪市主板,主板,自愿,B,稳定,-70.84 ,30.43 ,14.06 ,8.79 ,6.81 ,0.77 ,,,
805,登海种业,农,深市中小板,中小板,自愿,B,稳定,411.28 ,30.40 ,11.02 ,11.07 ,7.99 ,0.31 ,,,
806,新经典,传播与文化业,沪市主板,主板,自愿,B,稳定,32.53 ,30.30 ,8.44 ,13.01 ,5.53 ,3.33 ,,,
807,万华化学,石油,沪市主板,主板,应规,B,稳定,240.81 ,30.25 ,9.14 ,13.71 ,7.40 ,0.00 ,,,
808,凤凰光学,机械,沪市主板,主板,自愿,B,稳定,未披露,30.21 ,11.25 ,10.55 ,7.99 ,0.42 ,,,
809,梦舟股份,金属,沪市主板,主板,自愿,B,稳定,-7.47 ,30.19 ,10.55 ,11.07 ,7.80 ,0.77 ,,,
810,大冷股份,机械,深市主板,主板,自愿,B,稳定,未披露,30.10 ,9.38 ,11.78 ,7.70 ,1.25 ,,,
811,青松股份,石油,深市创业板,创业板,自愿,B,稳定,未披露,30.10 ,8.91 ,13.01 ,7.50 ,0.68 ,,,
812,丰山集团,石油,沪市主板,主板,自愿,B,稳定,400.35 ,30.03 ,11.72 ,11.60 ,6.71 ,0.00 ,,,
813,南京高科,房地产业,沪市主板,主板,应规,B,稳定,未披露,30.01 ,8.44 ,12.30 ,8.78 ,0.48 ,,,
814,航民股份,纺织,沪市主板,主板,应规,B,稳定,958.00 ,29.98 ,11.02 ,11.07 ,7.89 ,0.00 ,,,
815,同仁堂,医药,沪市主板,主板,应规,B,积极,未披露,29.97 ,10.08 ,12.13 ,7.50 ,0.27 ,,,
816,阳光照明,机械,沪市主板,主板,应规,B,积极,"1,134.28 ",29.87 ,10.08 ,11.60 ,8.19 ,0.00 ,,,
817,贵绳股份,金属,沪市主板,主板,应规,B,消极,385.00 ,29.87 ,11.25 ,9.67 ,7.80 ,1.15 ,,,
818,洽洽食品,食品,深市中小板,中小板,自愿,B,稳定,25.61 ,29.73 ,11.02 ,10.90 ,7.11 ,0.71 ,,,
819,沃格光电,电子业,沪市主板,主板,自愿,B,稳定,未披露,29.73 ,11.95 ,8.44 ,8.09 ,1.25 ,,,
820,大恒科技,信息技术业,沪市主板,主板,自愿,B,稳定,未披露,29.71 ,9.38 ,12.30 ,5.53 ,2.50 ,,,
821,利达光电,电子业,深市中小板,中小板,自愿,B,稳定,50.64 ,29.57 ,11.25 ,10.72 ,7.60 ,0.00 ,,,
822,中科三环,电子业,深市主板,主板,自愿,B,稳定,未披露,29.53 ,7.97 ,11.78 ,7.70 ,2.08 ,,,
823,冠豪高新,造纸,沪市主板,主板,自愿,B,稳定,未披露,29.50 ,10.08 ,11.43 ,7.99 ,0.00 ,,,
824,西南证券,金融,沪市主板,主板,自愿,B,消极,109.22 ,29.50 ,7.97 ,13.01 ,6.02 ,2.50 ,,,
825,南山铝业,金属,沪市主板,主板,自愿,B,稳定,215.00 ,29.41 ,11.02 ,8.96 ,7.80 ,1.63 ,,,
826,华创阳安,金融,沪市主板,主板,自愿,B,消极,未披露,29.36 ,7.03 ,13.71 ,6.12 ,2.50 ,,,
827,电广传媒,传播与文化业,深市主板,主板,自愿,B,稳定,未披露,29.36 ,10.31 ,11.43 ,3.45 ,4.17 ,,,
828,华正新材,电子业,沪市主板,主板,自愿,B,稳定,未披露,29.34 ,11.25 ,9.67 ,7.80 ,0.63 ,,,
829,新大陆,信息技术业,深市主板,主板,自愿,B,稳定,未披露,29.28 ,9.38 ,13.36 ,5.92 ,0.63 ,,,
830,德新交运,交通运输,沪市主板,主板,自愿,B,稳定,未披露,29.20 ,6.09 ,11.07 ,7.50 ,4.53 ,,,
831,博瑞传播,传播与文化业,沪市主板,主板,应规,B,稳定,未披露,29.18 ,7.50 ,13.36 ,5.82 ,2.50 ,,,
832,浙江东日,社会服务业,沪市主板,主板,应规,B,稳定,未披露,29.17 ,13.13 ,7.56 ,8.49 ,0.00 ,,,
833,上机数控,机械,沪市主板,主板,自愿,B,稳定,未披露,29.12 ,9.84 ,11.95 ,6.91 ,0.42 ,,,
834,时代出版,传播与文化业,沪市主板,主板,应规,B,稳定,未披露,29.05 ,6.56 ,14.06 ,5.92 ,2.50 ,,,
835,有研新材,金属,沪市主板,主板,应规,B,稳定,329.59 ,29.03 ,10.31 ,10.72 ,7.99 ,0.00 ,,,
836,精工钢构,建筑业,沪市主板,主板,应规,B,稳定,82.50 ,28.93 ,11.48 ,10.90 ,5.92 ,0.63 ,,,
837,金自天正,机械,沪市主板,主板,应规,B,稳定,182.00 ,28.76 ,11.48 ,8.96 ,7.89 ,0.42 ,,,
838,信维通信,信息技术业,深市创业板,创业板,应规,B,稳定,21.01 ,28.69 ,7.03 ,13.01 ,5.53 ,3.13 ,,,
839,苏宁环球,房地产业,深市主板,主板,自愿,B,积极,未披露,28.69 ,9.84 ,11.25 ,7.50 ,0.10 ,,,
840,浙商证券,金融,沪市主板,主板,自愿,B,稳定,未披露,28.68 ,8.44 ,13.01 ,4.74 ,2.50 ,,,
841,中航电子,机械,沪市主板,主板,自愿,B,稳定,737.00 ,28.66 ,10.08 ,10.37 ,7.80 ,0.42 ,,,
842,派思股份,机械,沪市主板,主板,自愿,B,稳定,未披露,28.61 ,11.72 ,8.09 ,8.39 ,0.42 ,,,
843,*ST中孚,金属,沪市主板,主板,自愿,B,稳定,未披露,28.52 ,11.02 ,9.14 ,7.40 ,0.96 ,,,
844,永安林业,农,深市主板,主板,自愿,B,稳定,未披露,28.52 ,11.95 ,8.61 ,7.80 ,0.16 ,,,
845,中航重机,机械,沪市主板,主板,自愿,B,稳定,未披露,28.46 ,11.95 ,8.61 ,7.89 ,0.00 ,,,
846,华电重工,信息技术业,沪市主板,主板,应规,B,稳定,未披露,28.33 ,7.97 ,13.36 ,5.13 ,1.88 ,,,
847,金山股份,电力,沪市主板,主板,应规,B,稳定,未披露,28.31 ,10.08 ,8.44 ,7.50 ,2.29 ,,,
848,航天电子,机械,沪市主板,主板,应规,B,稳定,未披露,28.18 ,6.56 ,12.66 ,7.50 ,1.46 ,,,
849,众源新材,金属,沪市主板,主板,自愿,B,稳定,未披露,28.18 ,9.84 ,9.67 ,7.89 ,0.77 ,,,
850,七匹狼,纺织,深市中小板,中小板,自愿,B,稳定,未披露,28.14 ,11.02 ,10.02 ,7.11 ,0.00 ,,,
851,首开股份,房地产业,沪市主板,主板,应规,B,积极,未披露,28.13 ,9.84 ,10.02 ,7.40 ,0.87 ,,,
852,万向德农,农,沪市主板,主板,应规,B,稳定,未披露,28.03 ,9.38 ,10.02 ,7.70 ,0.94 ,,,
853,中信国安,信息技术业,深市主板,主板,自愿,B-,稳定,未披露,27.95 ,7.97 ,11.95 ,5.53 ,2.50 ,,,
854,贵航股份,机械,沪市主板,主板,自愿,B-,稳定,未披露,27.94 ,8.91 ,11.60 ,6.81 ,0.63 ,,,
855,龙净环保,机械,沪市主板,主板,自愿,B-,稳定,未披露,27.85 ,11.02 ,9.14 ,7.70 ,0.00 ,,,
856,圣农发展,农,深市中小板,中小板,自愿,B-,稳定,801.00 ,27.83 ,9.84 ,9.14 ,7.60 ,1.25 ,,,
857,美利云,造纸,深市主板,主板,自愿,B-,稳定,未披露,27.70 ,10.08 ,10.02 ,7.60 ,0.00 ,,,
858,红星发展,石油,沪市主板,主板,应规,B-,积极,未披露,27.56 ,7.27 ,11.43 ,7.50 ,1.36 ,,,
859,宁波热电,电力,沪市主板,主板,自愿,B-,稳定,115.93 ,27.47 ,8.44 ,9.14 ,7.60 ,2.29 ,,,
860,万里股份,机械,沪市主板,主板,自愿,B-,稳定,154.46 ,27.46 ,10.55 ,8.79 ,7.50 ,0.63 ,,,
861,中国长城,信息技术业,深市主板,主板,自愿,B-,稳定,未披露,27.44 ,8.44 ,11.60 ,5.53 ,1.88 ,,,
862,中文传媒,传播与文化业,沪市主板,主板,应规,B-,稳定,未披露,27.42 ,10.31 ,11.25 ,3.36 ,2.50 ,,,
863,湖南盐业,食品,沪市主板,主板,自愿,B-,稳定,"1,619.00 ",27.39 ,7.97 ,11.60 ,7.11 ,0.71 ,,,
864,平潭发展,农,深市主板,主板,自愿,B-,稳定,未披露,27.11 ,10.08 ,8.96 ,7.60 ,0.47 ,,,
865,好当家,农,沪市主板,主板,自愿,B-,稳定,未披露,27.05 ,11.02 ,7.91 ,7.50 ,0.63 ,,,
866,星辉娱乐,信息技术业,深市创业板,创业板,自愿,B-,稳定,62.04 ,27.01 ,8.44 ,12.66 ,5.92 ,0.00 ,,,
867,新开普,信息技术业,深市创业板,创业板,自愿,B-,稳定,未披露,26.86 ,8.44 ,11.25 ,5.92 ,1.25 ,,,
868,*ST金岭,采掘业,深市主板,主板,自愿,B-,稳定,未披露,26.83 ,7.97 ,10.02 ,7.80 ,1.04 ,,,
869,江苏租赁,金融,沪市主板,主板,自愿,B-,稳定,未披露,26.80 ,8.44 ,11.60 ,3.95 ,2.81 ,,,
870,成都银行,金融,沪市主板,主板,自愿,B-,消极,"1,187.00 ",26.61 ,7.27 ,10.72 ,6.12 ,2.50 ,,,
871,五矿资本,金融,沪市主板,主板,自愿,B-,积极,未披露,26.60 ,8.91 ,11.25 ,3.95 ,2.50 ,,,
872,万通地产,房地产业,沪市主板,主板,应规,B-,积极,"2,249.00 ",26.56 ,11.48 ,7.38 ,7.70 ,0.00 ,,,
873,太平洋,金融,沪市主板,主板,应规,B-,稳定,未披露,26.49 ,7.50 ,11.95 ,4.54 ,2.50 ,,,
874,新文化,传播与文化业,深市创业板,创业板,自愿,B-,稳定,未披露,26.42 ,7.50 ,10.90 ,5.53 ,2.50 ,,,
875,新湖中宝,房地产业,沪市主板,主板,自愿,B-,稳定,31.62 ,26.41 ,10.08 ,8.44 ,7.89 ,0.00 ,,,
876,盛屯矿业,采掘业,沪市主板,主板,自愿,B-,稳定,未披露,26.31 ,10.31 ,7.56 ,7.40 ,1.04 ,,,
877,格尔软件,信息技术业,沪市主板,主板,自愿,B-,积极,未披露,26.31 ,7.03 ,12.30 ,5.72 ,1.25 ,,,
878,天地科技,机械,沪市主板,主板,应规,B-,稳定,未披露,26.28 ,9.61 ,8.44 ,7.40 ,0.83 ,,,
879,凤凰传媒,传播与文化业,沪市主板,主板,应规,B-,积极,960.00 ,26.23 ,8.44 ,11.25 ,4.05 ,2.50 ,,,
880,国睿科技,信息技术业,沪市主板,主板,自愿,B-,稳定,未披露,26.11 ,7.97 ,9.49 ,5.53 ,3.13 ,,,
881,威唐工业,机械,深市创业板,创业板,自愿,B-,稳定,未披露,26.11 ,12.42 ,5.98 ,7.50 ,0.21 ,,,
882,光迅科技,信息技术业,深市中小板,中小板,自愿,B-,稳定,未披露,26.07 ,8.44 ,11.25 ,5.13 ,1.25 ,,,
883,宝胜股份,机械,沪市主板,主板,应规,B-,稳定,未披露,25.97 ,11.25 ,6.50 ,7.80 ,0.42 ,,,
884,华丽家族,房地产业,沪市主板,主板,自愿,B-,积极,未披露,25.96 ,10.55 ,7.91 ,7.50 ,0.00 ,,,
885,宁波联合,批发,沪市主板,主板,自愿,B-,积极,19.83 ,25.67 ,9.14 ,8.44 ,8.09 ,0.00 ,,,
886,紫金银行,金融,沪市主板,主板,自愿,B-,稳定,248.45 ,25.66 ,9.38 ,11.25 ,3.16 ,1.88 ,,,
887,*ST智慧,信息技术业,沪市主板,主板,自愿,B-,积极,未披露,25.60 ,8.44 ,9.14 ,5.53 ,2.50 ,,,
888,卫宁健康,信息技术业,深市创业板,创业板,应规,B-,积极,未披露,25.52 ,6.56 ,11.95 ,5.13 ,1.88 ,,,
889,世运电路,信息技术业,沪市主板,主板,自愿,B-,稳定,303.31 ,25.41 ,8.44 ,10.20 ,5.53 ,1.25 ,,,
890,青海华鼎,机械,沪市主板,主板,应规,B-,稳定,226.00 ,25.40 ,10.55 ,7.03 ,7.40 ,0.42 ,,,
891,中体产业,房地产业,沪市主板,主板,自愿,B-,积极,未披露,25.37 ,11.72 ,6.15 ,7.50 ,0.00 ,,,
892,人民网,传播与文化业,沪市主板,主板,应规,B-,消极,未披露,25.18 ,10.31 ,9.84 ,3.36 ,1.67 ,,,
893,莱克电气,机械,沪市主板,主板,自愿,CCC,稳定,未披露,24.93 ,10.08 ,6.86 ,7.99 ,0.00 ,,,
894,中油资本,金融,深市主板,主板,应规,CCC,稳定,未披露,24.49 ,8.91 ,10.55 ,3.16 ,1.88 ,,,
895,四川长虹,电子业,沪市主板,主板,自愿,CCC,稳定,未披露,24.47 ,6.33 ,10.55 ,7.60 ,0.00 ,,,
896,神州泰岳,信息技术业,深市创业板,创业板,自愿,CCC,消极,未披露,24.37 ,8.91 ,9.32 ,5.53 ,0.63 ,,,
897,新疆浩源,电力,深市中小板,中小板,自愿,CCC,稳定,未披露,24.32 ,6.09 ,8.96 ,7.60 ,1.67 ,,,
898,新华网,信息技术业,沪市主板,主板,自愿,CCC,消极,未披露,24.30 ,10.31 ,7.73 ,3.75 ,2.50 ,,,
899,方正科技,信息技术业,沪市主板,主板,自愿,CCC,稳定,未披露,24.16 ,6.56 ,10.20 ,5.53 ,1.88 ,,,
900,城市传媒,传播与文化业,沪市主板,主板,自愿,CCC,消极,未披露,23.91 ,6.56 ,10.55 ,5.13 ,1.67 ,,,
901,电魂网络,信息技术业,沪市主板,主板,自愿,CCC,稳定,未披露,23.84 ,6.56 ,10.90 ,5.13 ,1.25 ,,,
902,出版传媒,传播与文化业,沪市主板,主板,自愿,CCC,消极,129.67 ,23.83 ,7.50 ,10.37 ,3.45 ,2.50 ,,,
903,榕基软件,信息技术业,深市中小板,中小板,自愿,CCC,稳定,未披露,23.50 ,6.56 ,9.14 ,5.92 ,1.88 ,,,
904,锦龙股份,金融,深市主板,主板,自愿,CCC,稳定,未披露,23.50 ,7.97 ,10.02 ,3.95 ,1.56 ,,,
905,文投控股,传播与文化业,沪市主板,主板,自愿,CCC,消极,未披露,23.45 ,7.03 ,8.79 ,5.13 ,2.50 ,,,
906,海格通信,信息技术业,深市中小板,中小板,自愿,CCC,消极,未披露,23.26 ,7.03 ,8.44 ,5.92 ,1.88 ,,,
907,石基信息,信息技术业,深市中小板,中小板,自愿,CCC,消极,未披露,23.14 ,8.91 ,8.09 ,5.53 ,0.63 ,,,
908,国新健康,信息技术业,深市主板,主板,应规,CCC,稳定,未披露,22.28 ,6.09 ,8.79 ,5.53 ,1.88 ,,,
909,皖通科技,信息技术业,深市中小板,中小板,自愿,CCC,消极,未披露,22.21 ,7.50 ,8.79 ,5.92 ,0.00 ,,,
910,中粮资本,金融,深市中小板,中小板,自愿,CCC,消极,未披露,22.14 ,7.97 ,9.14 ,3.16 ,1.88 ,,,
911,京泉华,信息技术业,深市中小板,中小板,自愿,CCC,稳定,未披露,21.77 ,7.50 ,9.14 ,5.13 ,0.00 ,,,
912,天宸股份,综合类,沪市主板,主板,应规,CCC,稳定,未披露,21.69 ,9.38 ,4.69 ,7.63 ,-,,,
913,联发股份,纺织,深市中小板,中小板,自愿,CCC,消极,未披露,21.64 ,6.33 ,7.91 ,7.40 ,0.00 ,,,
914,*ST上普,信息技术业,沪市主板,主板,自愿,CCC,稳定,未披露,21.31 ,6.09 ,8.44 ,5.53 ,1.25 ,,,
915,九鼎投资,金融,沪市主板,主板,自愿,CCC,稳定,未披露,21.13 ,7.50 ,8.44 ,3.95 ,1.25 ,,,
916,晶方科技,信息技术业,沪市主板,主板,自愿,CCC,稳定,未披露,21.04 ,7.03 ,8.09 ,5.92 ,0.00 ,,,
917,南方传媒,传播与文化业,沪市主板,主板,自愿,CCC,稳定,未披露,20.84 ,8.44 ,7.03 ,4.54 ,0.83 ,,,
918,国民技术,信息技术业,深市创业板,创业板,自愿,CCC,稳定,未披露,20.72 ,6.56 ,7.38 ,5.53 ,1.25 ,,,
919,浙江广厦,房地产业,沪市主板,主板,自愿,CCC,消极,未披露,20.67 ,9.14 ,3.34 ,8.19 ,0.00 ,,,
920,掌趣科技,信息技术业,深市创业板,创业板,自愿,CCC,消极,未披露,20.61 ,7.03 ,7.03 ,5.92 ,0.63 ,,,
921,富春股份,信息技术业,深市创业板,创业板,自愿,CCC,稳定,未披露,20.60 ,6.09 ,7.73 ,5.53 ,1.25 ,,,
922,顾家家居,木材,沪市主板,主板,自愿,CCC,稳定,未披露,20.60 ,6.56 ,7.03 ,7.01 ,0.00 ,,,
923,乐惠国际,机械,沪市主板,主板,自愿,CC,稳定,989.36 ,19.71 ,6.09 ,5.80 ,7.40 ,0.42 ,,,
924,同方股份,信息技术业,沪市主板,主板,应规,CC,稳定,未披露,19.66 ,6.09 ,7.38 ,4.93 ,1.25 ,,,
925,软控股份,信息技术业,深市中小板,中小板,自愿,CC,稳定,未披露,19.28 ,7.03 ,6.33 ,5.92 ,0.00 ,,,
926,ST慧球,信息技术业,沪市主板,主板,自愿,CC,稳定,未披露,19.28 ,6.09 ,7.03 ,5.53 ,0.63 ,,,
927,天茂集团,金融,深市主板,主板,自愿,CC,消极,未披露,18.98 ,7.97 ,6.33 ,3.75 ,0.94 ,,,
928,睿能科技,信息技术业,沪市主板,主板,自愿,CC,稳定,未披露,18.85 ,7.03 ,5.27 ,5.92 ,0.63 ,,,
929,中广天择,传播与文化业,沪市主板,主板,自愿,CC,稳定,未披露,18.73 ,7.03 ,3.87 ,5.33 ,2.50 ,,,
930,中南传媒,传播与文化业,沪市主板,主板,应规,CC,消极,未披露,18.63 ,6.09 ,6.68 ,3.36 ,2.50 ,,,
931,国脉科技,信息技术业,深市中小板,中小板,自愿,CC,稳定,未披露,18.34 ,5.16 ,7.03 ,5.53 ,0.63 ,,,
932,昆仑万维,信息技术业,深市创业板,创业板,自愿,CC,稳定,未披露,18.11 ,6.56 ,5.63 ,5.92 ,0.00 ,,,
933,中文在线,传播与文化业,深市创业板,创业板,自愿,CC,消极,未披露,18.04 ,6.56 ,5.63 ,3.36 ,2.50 ,,,
934,瑞斯康达,信息技术业,沪市主板,主板,自愿,CC,稳定,未披露,17.99 ,6.09 ,5.98 ,5.92 ,0.00 ,,,
935,凯乐科技,信息技术业,沪市主板,主板,应规,CC,稳定,未披露,17.79 ,5.63 ,7.03 ,5.13 ,0.00 ,,,
936,*ST富控,信息技术业,沪市主板,主板,自愿,CC,稳定,未披露,17.60 ,6.09 ,5.98 ,5.53 ,0.00 ,,,
937,星网锐捷,信息技术业,深市中小板,中小板,自愿,CC,消极,未披露,17.13 ,7.03 ,4.57 ,5.53 ,0.00 ,,,
938,深南股份,信息技术业,深市中小板,中小板,自愿,CC,稳定,未披露,16.81 ,6.09 ,5.98 ,4.74 ,0.00 ,,,
939,*ST众和,纺织,深市中小板,中小板,自愿,CC,稳定,未披露,16.40 ,10.31 ,1.05 ,5.03 ,0.00 ,,,
940,科信技术,信息技术业,深市创业板,创业板,自愿,CC,稳定,未披露,15.99 ,5.63 ,5.63 ,4.74 ,0.00 ,,,
941,京城股份,机械,沪市主板,主板,自愿,CC,稳定,未披露,15.90 ,1.88 ,7.56 ,5.43 ,1.04 ,,,
942,恺英网络,信息技术业,深市中小板,中小板,自愿,CC,稳定,未披露,15.72 ,5.63 ,4.57 ,5.53 ,0.00 ,,,
